operation,runtime
INSERT key_0,0.0010335445404052734
GET key_0,0.0010654926300048828
INSERT key_1,0.0010478496551513672
GET key_1,0.000518798828125
INSERT key_2,0.0010514259338378906
GET key_2,0.0005249977111816406
INSERT key_3,0.0005195140838623047
GET key_3,0.0010340213775634766
INSERT key_4,0.0010404586791992188
GET key_4,0.0006079673767089844
INSERT key_5,0.0005030632019042969
GET key_5,0.0005104541778564453
INSERT key_6,0.001619577407836914
GET key_6,0.0005757808685302734
INSERT key_7,0.0009150505065917969
GET key_7,0.0010786056518554688
INSERT key_8,0.0013930797576904297
GET key_8,0.0011153221130371094
INSERT key_9,0.0005185604095458984
GET key_9,0.0005152225494384766
INSERT key_10,0.0005137920379638672
GET key_10,0.001027822494506836
INSERT key_11,0.0005450248718261719
GET key_11,0.0005142688751220703
INSERT key_12,0.0005276203155517578
GET key_12,0.0005214214324951172
INSERT key_13,0.0010402202606201172
GET key_13,0.001068115234375
INSERT key_14,0.0005385875701904297
GET key_14,0.0005240440368652344
INSERT key_15,0.0005156993865966797
GET key_15,0.0010497570037841797
INSERT key_16,0.0006482601165771484
GET key_16,0.0005199909210205078
INSERT key_17,0.0005156993865966797
GET key_17,0.0010483264923095703
INSERT key_18,0.0005137920379638672
GET key_18,0.0005171298980712891
INSERT key_19,0.0005369186401367188
GET key_19,0.0005154609680175781
INSERT key_20,0.0010411739349365234
GET key_20,0.0005433559417724609
INSERT key_21,0.0005743503570556641
GET key_21,0.0005033016204833984
INSERT key_22,0.0005266666412353516
GET key_22,0.0006628036499023438
INSERT key_23,0.0010876655578613281
GET key_23,0.0010368824005126953
INSERT key_24,0.0005097389221191406
GET key_24,0.0005166530609130859
INSERT key_25,0.0005364418029785156
GET key_25,0.001043081283569336
INSERT key_26,0.0006246566772460938
GET key_26,0.0005035400390625
INSERT key_27,0.0005273818969726562
GET key_27,0.0006213188171386719
INSERT key_28,0.0005028247833251953
GET key_28,0.0018172264099121094
INSERT key_29,0.0005376338958740234
GET key_29,0.0
INSERT key_30,0.0005309581756591797
GET key_30,0.0005204677581787109
INSERT key_31,0.0010614395141601562
GET key_31,0.0005853176116943359
INSERT key_32,0.0006542205810546875
GET key_32,0.0005035400390625
INSERT key_33,0.0005156993865966797
GET key_33,0.0005104541778564453
INSERT key_34,0.000514984130859375
GET key_34,0.0010352134704589844
INSERT key_35,0.00051116943359375
GET key_35,0.0012068748474121094
INSERT key_36,0.0005106925964355469
GET key_36,0.0005283355712890625
INSERT key_37,0.0005207061767578125
GET key_37,0.0006048679351806641
INSERT key_38,0.0005137920379638672
GET key_38,0.0010447502136230469
INSERT key_39,0.00011849403381347656
GET key_39,0.0010297298431396484
INSERT key_40,0.0
GET key_40,0.001003265380859375
INSERT key_41,0.0
GET key_41,0.0015723705291748047
INSERT key_42,0.0
GET key_42,0.0010068416595458984
INSERT key_43,0.0009999275207519531
GET key_43,0.0
INSERT key_44,0.0010008811950683594
GET key_44,0.0010480880737304688
INSERT key_45,0.0
GET key_45,0.0010004043579101562
INSERT key_46,0.001505136489868164
GET key_46,0.001005411148071289
INSERT key_47,0.0
GET key_47,0.00150299072265625
INSERT key_48,0.0005185604095458984
GET key_48,0.0005319118499755859
INSERT key_49,0.0005168914794921875
GET key_49,0.0005950927734375
INSERT key_50,0.0006535053253173828
GET key_50,0.0005044937133789062
INSERT key_51,0.001043558120727539
GET key_51,0.0005297660827636719
INSERT key_52,0.0005414485931396484
GET key_52,0.0005352497100830078
INSERT key_53,0.001047372817993164
GET key_53,0.0005252361297607422
INSERT key_54,0.0005137920379638672
GET key_54,0.0005195140838623047
INSERT key_55,0.0005164146423339844
GET key_55,0.0005404949188232422
INSERT key_56,0.0005164146423339844
GET key_56,0.0010552406311035156
INSERT key_57,0.0015289783477783203
GET key_57,0.0005035400390625
INSERT key_58,0.0005347728729248047
GET key_58,0.0005230903625488281
INSERT key_59,0.0005159378051757812
GET key_59,0.0010647773742675781
INSERT key_60,0.001031637191772461
GET key_60,0.0005099773406982422
INSERT key_61,0.000705718994140625
GET key_61,0.0005052089691162109
INSERT key_62,0.0005450248718261719
GET key_62,0.0012409687042236328
INSERT key_63,0.00101470947265625
GET key_63,0.0005257129669189453
INSERT key_64,0.0005147457122802734
GET key_64,0.0005345344543457031
INSERT key_65,0.0005221366882324219
GET key_65,0.0005133152008056641
INSERT key_66,0.001041412353515625
GET key_66,0.0005147457122802734
INSERT key_67,0.0005300045013427734
GET key_67,0.0010361671447753906
INSERT key_68,0.0005178451538085938
GET key_68,0.0
INSERT key_69,0.0016162395477294922
GET key_69,0.0005135536193847656
INSERT key_70,0.0005242824554443359
GET key_70,0.0005030632019042969
INSERT key_71,0.0
GET key_71,0.0015294551849365234
INSERT key_72,0.0013053417205810547
GET key_72,0.0006539821624755859
INSERT key_73,0.0010302066802978516
GET key_73,0.0005106925964355469
INSERT key_74,0.000522613525390625
GET key_74,0.0012502670288085938
INSERT key_75,0.0
GET key_75,0.0013866424560546875
INSERT key_76,0.0005269050598144531
GET key_76,0.0011475086212158203
INSERT key_77,0.0010266304016113281
GET key_77,0.0005235671997070312
INSERT key_78,0.0005097389221191406
GET key_78,0.0005199909210205078
INSERT key_79,0.0010454654693603516
GET key_79,0.0010387897491455078
INSERT key_80,0.0005166530609130859
GET key_80,0.0005204677581787109
INSERT key_81,0.0010530948638916016
GET key_81,0.001049041748046875
INSERT key_82,0.0008771419525146484
GET key_82,0.0005040168762207031
INSERT key_83,0.0005195140838623047
GET key_83,0.0010356903076171875
INSERT key_84,0.0005123615264892578
GET key_84,0.0005228519439697266
INSERT key_85,0.0010390281677246094
GET key_85,0.0008106231689453125
INSERT key_86,0.0005023479461669922
GET key_86,0.0005261898040771484
INSERT key_87,0.0005097389221191406
GET key_87,0.0005137920379638672
INSERT key_88,0.0010344982147216797
GET key_88,0.0005133152008056641
INSERT key_89,0.0005152225494384766
GET key_89,0.0005228519439697266
INSERT key_90,0.0010457038879394531
GET key_90,0.0005526542663574219
INSERT key_91,0.0010364055633544922
GET key_91,0.0010590553283691406
INSERT key_92,0.0011060237884521484
GET key_92,0.000667572021484375
INSERT key_93,0.0006375312805175781
GET key_93,0.0005252361297607422
INSERT key_94,0.0012292861938476562
GET key_94,0.0005269050598144531
INSERT key_95,0.0010809898376464844
GET key_95,0.0005733966827392578
INSERT key_96,0.0010170936584472656
GET key_96,0.0010747909545898438
INSERT key_97,0.0010929107666015625
GET key_97,0.0005128383636474609
INSERT key_98,0.0005342960357666016
GET key_98,0.0005176067352294922
INSERT key_99,0.0010519027709960938
GET key_99,0.0016326904296875
INSERT key_100,0.0005035400390625
GET key_100,0.0005118846893310547
INSERT key_101,0.0005228519439697266
GET key_101,0.0005242824554443359
INSERT key_102,0.0005948543548583984
GET key_102,0.0005815029144287109
INSERT key_103,0.0005028247833251953
GET key_103,0.0005192756652832031
INSERT key_104,0.0005273818969726562
GET key_104,0.0005433559417724609
INSERT key_105,0.0010647773742675781
GET key_105,0.0005996227264404297
INSERT key_106,0.0010228157043457031
GET key_106,0.0005283355712890625
INSERT key_107,0.0005276203155517578
GET key_107,0.0005161762237548828
INSERT key_108,0.0005137920379638672
GET key_108,0.0010533332824707031
INSERT key_109,0.0010428428649902344
GET key_109,0.0005168914794921875
INSERT key_110,0.0010833740234375
GET key_110,0.0010368824005126953
INSERT key_111,0.0015709400177001953
GET key_111,0.0005211830139160156
INSERT key_112,0.0005257129669189453
GET key_112,0.0005209445953369141
INSERT key_113,0.001214742660522461
GET key_113,0.001026153564453125
INSERT key_114,0.0005114078521728516
GET key_114,0.0005307197570800781
INSERT key_115,0.0005247592926025391
GET key_115,0.0005278587341308594
INSERT key_116,0.0005159378051757812
GET key_116,0.001068115234375
INSERT key_117,0.0005125999450683594
GET key_117,0.0005261898040771484
INSERT key_118,0.0010485649108886719
GET key_118,0.0005218982696533203
INSERT key_119,0.0006465911865234375
GET key_119,0.0010166168212890625
INSERT key_120,0.0005130767822265625
GET key_120,0.0005092620849609375
INSERT key_121,0.0005171298980712891
GET key_121,0.0005228519439697266
INSERT key_122,0.0005257129669189453
GET key_122,0.001051187515258789
INSERT key_123,0.0005171298980712891
GET key_123,0.0005197525024414062
INSERT key_124,0.0005183219909667969
GET key_124,0.0008745193481445312
INSERT key_125,0.0006723403930664062
GET key_125,0.001027822494506836
INSERT key_126,0.001069784164428711
GET key_126,0.0005090236663818359
INSERT key_127,0.0005290508270263672
GET key_127,0.0005304813385009766
INSERT key_128,0.0010311603546142578
GET key_128,0.0005371570587158203
INSERT key_129,0.0005140304565429688
GET key_129,0.00054168701171875
INSERT key_130,0.0010654926300048828
GET key_130,0.0006957054138183594
INSERT key_131,0.0006122589111328125
GET key_131,0.0007460117340087891
INSERT key_132,0.0005099773406982422
GET key_132,0.0005154609680175781
INSERT key_133,0.0005135536193847656
GET key_133,0.0005071163177490234
INSERT key_134,0.0005280971527099609
GET key_134,0.0005147457122802734
INSERT key_135,0.0013942718505859375
GET key_135,0.0005915164947509766
INSERT key_136,0.0005035400390625
GET key_136,0.0005164146423339844
INSERT key_137,0.0010433197021484375
GET key_137,0.0010368824005126953
INSERT key_138,0.0005173683166503906
GET key_138,0.0005240440368652344
INSERT key_139,0.0005202293395996094
GET key_139,0.000514984130859375
INSERT key_140,0.0005366802215576172
GET key_140,0.000514984130859375
INSERT key_141,0.0005340576171875
GET key_141,0.0015442371368408203
INSERT key_142,0.0005438327789306641
GET key_142,0.0005178451538085938
INSERT key_143,0.0010492801666259766
GET key_143,0.0015711784362792969
INSERT key_144,0.001031637191772461
GET key_144,0.0005128383636474609
INSERT key_145,0.0005216598510742188
GET key_145,0.0005409717559814453
INSERT key_146,0.0011773109436035156
GET key_146,0.000514984130859375
INSERT key_147,0.0005176067352294922
GET key_147,0.0010449886322021484
INSERT key_148,0.0005133152008056641
GET key_148,0.0005309581756591797
INSERT key_149,0.0010471343994140625
GET key_149,0.0005249977111816406
INSERT key_150,0.0005218982696533203
GET key_150,0.0005202293395996094
INSERT key_151,0.0005211830139160156
GET key_151,0.0005166530609130859
INSERT key_152,0.0005192756652832031
GET key_152,0.0010561943054199219
INSERT key_153,0.0005102157592773438
GET key_153,0.0005199909210205078
INSERT key_154,0.0006327629089355469
GET key_154,0.0005035400390625
INSERT key_155,0.0010290145874023438
GET key_155,0.0010056495666503906
INSERT key_156,0.0
GET key_156,0.0
INSERT key_157,0.0017344951629638672
GET key_157,0.0007135868072509766
INSERT key_158,0.0010144710540771484
GET key_158,0.0009891986846923828
INSERT key_159,0.0
GET key_159,0.0010139942169189453
INSERT key_160,0.0
GET key_160,0.0012705326080322266
INSERT key_161,0.0010159015655517578
GET key_161,0.0
INSERT key_162,0.0009932518005371094
GET key_162,0.0009951591491699219
INSERT key_163,0.0
GET key_163,0.00116729736328125
INSERT key_164,0.0
GET key_164,0.00099945068359375
INSERT key_165,0.0010001659393310547
GET key_165,0.0
INSERT key_166,0.001003265380859375
GET key_166,0.0
INSERT key_167,0.001001119613647461
GET key_167,0.0009958744049072266
INSERT key_168,0.0
GET key_168,0.0009999275207519531
INSERT key_169,0.0
GET key_169,0.0009999275207519531
INSERT key_170,0.0006744861602783203
GET key_170,0.0
INSERT key_171,0.0
GET key_171,0.0017294883728027344
INSERT key_172,0.0005843639373779297
GET key_172,0.0005631446838378906
INSERT key_173,0.0
GET key_173,0.0005488395690917969
INSERT key_174,0.0006911754608154297
GET key_174,0.0005881786346435547
INSERT key_175,0.0006361007690429688
GET key_175,0.0006341934204101562
INSERT key_176,0.0007050037384033203
GET key_176,0.0006330013275146484
INSERT key_177,0.0005319118499755859
GET key_177,0.0006277561187744141
INSERT key_178,0.00020813941955566406
GET key_178,0.0005481243133544922
INSERT key_179,0.0006299018859863281
GET key_179,0.0005097389221191406
INSERT key_180,0.0006089210510253906
GET key_180,0.0005900859832763672
INSERT key_181,0.0005114078521728516
GET key_181,0.0011563301086425781
INSERT key_182,0.0007150173187255859
GET key_182,0.0008981227874755859
INSERT key_183,0.0005114078521728516
GET key_183,0.0005564689636230469
INSERT key_184,0.0005598068237304688
GET key_184,0.0005550384521484375
INSERT key_185,0.0006093978881835938
GET key_185,0.0005106925964355469
INSERT key_186,0.0005478858947753906
GET key_186,0.0005588531494140625
INSERT key_187,0.0005340576171875
GET key_187,0.0
INSERT key_188,0.0005397796630859375
GET key_188,0.0005533695220947266
INSERT key_189,0.0011136531829833984
GET key_189,0.0005598068237304688
INSERT key_190,0.0006110668182373047
GET key_190,0.0005075931549072266
INSERT key_191,0.000530242919921875
GET key_191,0.0005357265472412109
INSERT key_192,0.0005459785461425781
GET key_192,0.0017080307006835938
INSERT key_193,0.0005517005920410156
GET key_193,0.0
INSERT key_194,0.0010731220245361328
GET key_194,0.0
INSERT key_195,0.0007004737854003906
GET key_195,0.0011246204376220703
INSERT key_196,0.0005109310150146484
GET key_196,0.0005412101745605469
INSERT key_197,0.0006110668182373047
GET key_197,0.0005071163177490234
INSERT key_198,0.0005292892456054688
GET key_198,0.0005364418029785156
INSERT key_199,0.0005540847778320312
GET key_199,0.0005576610565185547
INSERT key_200,0.0005521774291992188
GET key_200,0.0005981922149658203
INSERT key_201,0.0005068778991699219
GET key_201,0.0005366802215576172
INSERT key_202,0.0
GET key_202,0.0005359649658203125
INSERT key_203,0.0005395412445068359
GET key_203,0.0005426406860351562
INSERT key_204,0.0005261898040771484
GET key_204,0.0005424022674560547
INSERT key_205,0.0005259513854980469
GET key_205,0.0005538463592529297
INSERT key_206,0.0005517005920410156
GET key_206,0.0005490779876708984
INSERT key_207,0.0005381107330322266
GET key_207,0.0
INSERT key_208,0.0005288124084472656
GET key_208,0.0005333423614501953
INSERT key_209,0.0005319118499755859
GET key_209,0.0006504058837890625
INSERT key_210,0.0005109310150146484
GET key_210,0.0005483627319335938
INSERT key_211,0.0
GET key_211,0.0005490779876708984
INSERT key_212,0.0006132125854492188
GET key_212,0.0005688667297363281
INSERT key_213,0.0005109310150146484
GET key_213,0.0005543231964111328
INSERT key_214,0.0005474090576171875
GET key_214,0.0005490779876708984
INSERT key_215,0.0005521774291992188
GET key_215,0.0005471706390380859
INSERT key_216,0.0005586147308349609
GET key_216,0.0005474090576171875
INSERT key_217,0.0005526542663574219
GET key_217,0.0006220340728759766
INSERT key_218,0.0005142688751220703
GET key_218,0.0005414485931396484
INSERT key_219,0.0005390644073486328
GET key_219,0.0
INSERT key_220,0.0016357898712158203
GET key_220,0.0005548000335693359
INSERT key_221,0.0
GET key_221,0.0010540485382080078
INSERT key_222,0.0005424022674560547
GET key_222,0.0
INSERT key_223,0.0010869503021240234
GET key_223,0.0006887912750244141
INSERT key_224,0.0005104541778564453
GET key_224,0.0006015300750732422
INSERT key_225,0.00051116943359375
GET key_225,0.0005526542663574219
INSERT key_226,0.0005538463592529297
GET key_226,0.0005519390106201172
INSERT key_227,0.0005593299865722656
GET key_227,0.0006000995635986328
INSERT key_228,0.0005109310150146484
GET key_228,0.0005457401275634766
INSERT key_229,0.0
GET key_229,0.0010082721710205078
INSERT key_230,0.0
GET key_230,0.0017499923706054688
INSERT key_231,0.0
GET key_231,0.0010104179382324219
INSERT key_232,0.0
GET key_232,0.001003265380859375
INSERT key_233,0.0
GET key_233,0.0009961128234863281
INSERT key_234,0.0
GET key_234,0.001361846923828125
INSERT key_235,0.0
GET key_235,0.000995635986328125
INSERT key_236,0.0
GET key_236,0.0010004043579101562
INSERT key_237,0.00099945068359375
GET key_237,0.0
INSERT key_238,0.0010001659393310547
GET key_238,0.0005114078521728516
INSERT key_239,0.0005600452423095703
GET key_239,0.0005557537078857422
INSERT key_240,0.0005481243133544922
GET key_240,0.0005555152893066406
INSERT key_241,0.0005564689636230469
GET key_241,0.0005595684051513672
INSERT key_242,0.0005474090576171875
GET key_242,0.0005433559417724609
INSERT key_243,0.0005390644073486328
GET key_243,0.0005433559417724609
INSERT key_244,0.0005385875701904297
GET key_244,0.0005342960357666016
INSERT key_245,0.0005977153778076172
GET key_245,0.0005636215209960938
INSERT key_246,0.0005123615264892578
GET key_246,0.0005536079406738281
INSERT key_247,0.0005586147308349609
GET key_247,0.0006091594696044922
INSERT key_248,0.0005109310150146484
GET key_248,0.0005495548248291016
INSERT key_249,0.0005509853363037109
GET key_249,0.0005443096160888672
INSERT key_250,0.00012254714965820312
GET key_250,0.0005116462707519531
INSERT key_251,0.0005385875701904297
GET key_251,0.0005357265472412109
INSERT key_252,0.0005443096160888672
GET key_252,0.0010781288146972656
INSERT key_253,0.0006093978881835938
GET key_253,0.0005626678466796875
INSERT key_254,0.00057220458984375
GET key_254,0.00051116943359375
INSERT key_255,0.0006339550018310547
GET key_255,0.0005660057067871094
INSERT key_256,0.00051116943359375
GET key_256,0.0005452632904052734
INSERT key_257,0.0005445480346679688
GET key_257,0.0005373954772949219
INSERT key_258,0.0005412101745605469
GET key_258,0.0005328655242919922
INSERT key_259,0.0005402565002441406
GET key_259,0.0005526542663574219
INSERT key_260,0.0005526542663574219
GET key_260,0.0005428791046142578
INSERT key_261,0.0005335807800292969
GET key_261,0.0005581378936767578
INSERT key_262,0.0005431175231933594
GET key_262,0.0005364418029785156
INSERT key_263,0.0005497932434082031
GET key_263,0.0008106231689453125
INSERT key_264,0.0005106925964355469
GET key_264,0.0005526542663574219
INSERT key_265,0.0006043910980224609
GET key_265,0.0005118846893310547
INSERT key_266,0.0005505084991455078
GET key_266,0.0005483627319335938
INSERT key_267,0.0006062984466552734
GET key_267,0.00051116943359375
INSERT key_268,0.0005486011505126953
GET key_268,0.0005486011505126953
INSERT key_269,0.0005366802215576172
GET key_269,0.0005605220794677734
INSERT key_270,0.0005576610565185547
GET key_270,0.0005438327789306641
INSERT key_271,0.0005466938018798828
GET key_271,0.0005362033843994141
INSERT key_272,0.0005962848663330078
GET key_272,0.0005104541778564453
INSERT key_273,0.0005528926849365234
GET key_273,0.0006067752838134766
INSERT key_274,0.0005109310150146484
GET key_274,0.0005476474761962891
INSERT key_275,0.0005488395690917969
GET key_275,0.0005426406860351562
INSERT key_276,0.0005514621734619141
GET key_276,0.0005519390106201172
INSERT key_277,0.0005488395690917969
GET key_277,0.0005550384521484375
INSERT key_278,0.0006353855133056641
GET key_278,0.0
INSERT key_279,0.001081705093383789
GET key_279,5.078315734863281e-05
INSERT key_280,0.0005109310150146484
GET key_280,0.0006041526794433594
INSERT key_281,0.0005106925964355469
GET key_281,0.0005478858947753906
INSERT key_282,0.0005445480346679688
GET key_282,0.0010123252868652344
INSERT key_283,0.0
GET key_283,0.0
INSERT key_284,0.0015757083892822266
GET key_284,0.0
INSERT key_285,0.0009243488311767578
GET key_285,0.0
INSERT key_286,0.0009999275207519531
GET key_286,0.0010004043579101562
INSERT key_287,0.0005114078521728516
GET key_287,0.0005488395690917969
INSERT key_288,0.000606536865234375
GET key_288,0.0005121231079101562
INSERT key_289,0.0005486011505126953
GET key_289,0.0005486011505126953
INSERT key_290,0.0005490779876708984
GET key_290,0.0005507469177246094
INSERT key_291,0.0006546974182128906
GET key_291,0.0006647109985351562
INSERT key_292,0.0010600090026855469
GET key_292,0.0005524158477783203
INSERT key_293,0.0005528926849365234
GET key_293,0.000553131103515625
INSERT key_294,0.0005514621734619141
GET key_294,0.0005581378936767578
INSERT key_295,0.0005564689636230469
GET key_295,0.0006153583526611328
INSERT key_296,0.0005068778991699219
GET key_296,0.0005412101745605469
INSERT key_297,0.0005471706390380859
GET key_297,0.0005435943603515625
INSERT key_298,0.0005354881286621094
GET key_298,0.0005936622619628906
INSERT key_299,0.0005140304565429688
GET key_299,0.0005512237548828125
INSERT key_300,0.0005471706390380859
GET key_300,0.0005576610565185547
INSERT key_301,0.0005464553833007812
GET key_301,0.000553131103515625
INSERT key_302,0.0005548000335693359
GET key_302,0.0005548000335693359
INSERT key_303,0.0005352497100830078
GET key_303,0.0005578994750976562
INSERT key_304,0.0005521774291992188
GET key_304,0.0006744861602783203
INSERT key_305,0.0005085468292236328
GET key_305,0.0005426406860351562
INSERT key_306,0.0005478858947753906
GET key_306,0.0005576610565185547
INSERT key_307,0.0005478858947753906
GET key_307,0.0006017684936523438
INSERT key_308,0.0005671977996826172
GET key_308,0.0005621910095214844
INSERT key_309,0.0005078315734863281
GET key_309,0.0006089210510253906
INSERT key_310,0.0005106925964355469
GET key_310,0.0005483627319335938
INSERT key_311,0.0006773471832275391
GET key_311,0.0005109310150146484
INSERT key_312,0.00054931640625
GET key_312,0.0005488395690917969
INSERT key_313,0.0005438327789306641
GET key_313,0.0006000995635986328
INSERT key_314,0.0005068778991699219
GET key_314,0.0005517005920410156
INSERT key_315,0.0005304813385009766
GET key_315,0.0005323886871337891
INSERT key_316,0.0005331039428710938
GET key_316,0.0005381107330322266
INSERT key_317,0.0005342960357666016
GET key_317,0.0005431175231933594
INSERT key_318,0.0005402565002441406
GET key_318,0.0005469322204589844
INSERT key_319,0.0001900196075439453
GET key_319,0.0005109310150146484
INSERT key_320,0.0005583763122558594
GET key_320,0.0005443096160888672
INSERT key_321,0.0005369186401367188
GET key_321,0.0005526542663574219
INSERT key_322,0.0005350112915039062
GET key_322,0.0005564689636230469
INSERT key_323,0.0006077289581298828
GET key_323,0.0005109310150146484
INSERT key_324,0.0005481243133544922
GET key_324,0.0005548000335693359
INSERT key_325,0.0005533695220947266
GET key_325,0.000553131103515625
INSERT key_326,0.0005552768707275391
GET key_326,0.0005545616149902344
INSERT key_327,0.000553131103515625
GET key_327,0.0005557537078857422
INSERT key_328,0.0005576610565185547
GET key_328,0.0006003379821777344
INSERT key_329,0.0005118846893310547
GET key_329,0.0005540847778320312
INSERT key_330,0.0005590915679931641
GET key_330,0.0005500316619873047
INSERT key_331,0.0005476474761962891
GET key_331,0.0012052059173583984
INSERT key_332,0.0005109310150146484
GET key_332,0.00019979476928710938
INSERT key_333,0.0005943775177001953
GET key_333,0.0005960464477539062
INSERT key_334,0.001065969467163086
GET key_334,0.0005462169647216797
INSERT key_335,0.0005366802215576172
GET key_335,0.0005362033843994141
INSERT key_336,0.0005443096160888672
GET key_336,0.0005869865417480469
INSERT key_337,0.0005359649658203125
GET key_337,0.0005505084991455078
INSERT key_338,0.0005366802215576172
GET key_338,0.0005517005920410156
INSERT key_339,0.000553131103515625
GET key_339,0.0005502700805664062
INSERT key_340,0.0005486011505126953
GET key_340,0.0005507469177246094
INSERT key_341,0.0010828971862792969
GET key_341,0.0005323886871337891
INSERT key_342,0.0010595321655273438
GET key_342,0.0005564689636230469
INSERT key_343,0.0
GET key_343,0.0005488395690917969
INSERT key_344,0.0005342960357666016
GET key_344,0.0010833740234375
INSERT key_345,0.0007460117340087891
GET key_345,0.0005693435668945312
INSERT key_346,0.0005645751953125
GET key_346,0.0005133152008056641
INSERT key_347,0.0005538463592529297
GET key_347,0.0005445480346679688
INSERT key_348,0.0011134147644042969
GET key_348,0.0005445480346679688
INSERT key_349,0.0005402565002441406
GET key_349,0.0006017684936523438
INSERT key_350,0.0005106925964355469
GET key_350,0.0005316734313964844
INSERT key_351,0.0005486011505126953
GET key_351,0.0005433559417724609
INSERT key_352,0.000530242919921875
GET key_352,0.0
INSERT key_353,0.0005340576171875
GET key_353,0.0005450248718261719
INSERT key_354,0.0005352497100830078
GET key_354,0.0005526542663574219
INSERT key_355,0.0005440711975097656
GET key_355,0.0005440711975097656
INSERT key_356,0.0005352497100830078
GET key_356,0.000553131103515625
INSERT key_357,0.0
GET key_357,0.0010159015655517578
INSERT key_358,0.0
GET key_358,0.0
INSERT key_359,0.0017361640930175781
GET key_359,0.0
INSERT key_360,0.0008478164672851562
GET key_360,0.0
INSERT key_361,0.0010004043579101562
GET key_361,0.0
INSERT key_362,0.0009999275207519531
GET key_362,0.0
INSERT key_363,0.0011763572692871094
GET key_363,0.0
INSERT key_364,0.0009992122650146484
GET key_364,0.0
INSERT key_365,0.0009999275207519531
GET key_365,0.0
INSERT key_366,0.0010001659393310547
GET key_366,0.0
INSERT key_367,0.0009958744049072266
GET key_367,0.0005064010620117188
INSERT key_368,0.0005388259887695312
GET key_368,0.0005335807800292969
INSERT key_369,0.0010828971862792969
GET key_369,0.0
INSERT key_370,0.0005304813385009766
GET key_370,0.0005404949188232422
INSERT key_371,0.0005521774291992188
GET key_371,0.0005335807800292969
INSERT key_372,0.0005412101745605469
GET key_372,0.0005412101745605469
INSERT key_373,0.0
GET key_373,0.0006570816040039062
INSERT key_374,0.0005106925964355469
GET key_374,0.0011379718780517578
INSERT key_375,0.0005555152893066406
GET key_375,0.0005400180816650391
INSERT key_376,0.0005352497100830078
GET key_376,0.0005457401275634766
INSERT key_377,0.0005497932434082031
GET key_377,0.0005578994750976562
INSERT key_378,0.0005483627319335938
GET key_378,0.0005552768707275391
INSERT key_379,0.0006103515625
GET key_379,0.0005068778991699219
INSERT key_380,0.0005350112915039062
GET key_380,0.0
INSERT key_381,0.0005502700805664062
GET key_381,0.0005323886871337891
INSERT key_382,0.0005350112915039062
GET key_382,0.0005469322204589844
INSERT key_383,0.0005543231964111328
GET key_383,0.0005526542663574219
INSERT key_384,0.0005519390106201172
GET key_384,0.0005624294281005859
INSERT key_385,0.0
GET key_385,0.0006685256958007812
INSERT key_386,0.0007569789886474609
GET key_386,0.0005714893341064453
INSERT key_387,0.0007028579711914062
GET key_387,0.0005109310150146484
INSERT key_388,0.0005471706390380859
GET key_388,0.0005512237548828125
INSERT key_389,0.0005524158477783203
GET key_389,0.0005517005920410156
INSERT key_390,0.0005528926849365234
GET key_390,0.0005557537078857422
INSERT key_391,0.0005497932434082031
GET key_391,0.0005536079406738281
INSERT key_392,0.0005552768707275391
GET key_392,0.0005555152893066406
INSERT key_393,0.0006389617919921875
GET key_393,0.0005109310150146484
INSERT key_394,0.0005586147308349609
GET key_394,0.0005557537078857422
INSERT key_395,0.0
GET key_395,0.0010137557983398438
INSERT key_396,0.0005161762237548828
GET key_396,0.0
INSERT key_397,0.0010123252868652344
GET key_397,0.0
INSERT key_398,0.0010099411010742188
GET key_398,0.0
INSERT key_399,0.0010046958923339844
GET key_399,0.0
INSERT key_400,0.0009953975677490234
GET key_400,0.0
INSERT key_401,0.0013573169708251953
GET key_401,0.0009961128234863281
INSERT key_402,0.0
GET key_402,0.0009999275207519531
INSERT key_403,0.0010037422180175781
GET key_403,0.0010004043579101562
INSERT key_404,0.0005164146423339844
GET key_404,0.0010154247283935547
INSERT key_405,0.0
GET key_405,0.0009996891021728516
INSERT key_406,0.0
GET key_406,0.0009999275207519531
INSERT key_407,0.0
GET key_407,0.0010001659393310547
INSERT key_408,0.0009958744049072266
GET key_408,0.0
INSERT key_409,0.0010039806365966797
GET key_409,0.0010004043579101562
INSERT key_410,0.0010006427764892578
GET key_410,0.0010001659393310547
INSERT key_411,0.0
GET key_411,0.0009968280792236328
INSERT key_412,0.0005125999450683594
GET key_412,0.0008120536804199219
INSERT key_413,0.0011262893676757812
GET key_413,0.0009236335754394531
INSERT key_414,0.0005123615264892578
GET key_414,0.0005598068237304688
INSERT key_415,0.0006353855133056641
GET key_415,0.0005075931549072266
INSERT key_416,0.0011012554168701172
GET key_416,0.0005545616149902344
INSERT key_417,0.0005471706390380859
GET key_417,0.0
INSERT key_418,0.0005543231964111328
GET key_418,0.0005438327789306641
INSERT key_419,0.0005369186401367188
GET key_419,0.0005481243133544922
INSERT key_420,0.0010972023010253906
GET key_420,0.0
INSERT key_421,0.0005409717559814453
GET key_421,0.0012826919555664062
INSERT key_422,0.0005109310150146484
GET key_422,0.0007214546203613281
INSERT key_423,0.0005106925964355469
GET key_423,0.0005528926849365234
INSERT key_424,0.0007138252258300781
GET key_424,0.0006921291351318359
INSERT key_425,0.0006151199340820312
GET key_425,0.0007143020629882812
INSERT key_426,0.0005779266357421875
GET key_426,0.0005114078521728516
INSERT key_427,0.00055694580078125
GET key_427,0.0005490779876708984
INSERT key_428,0.0011463165283203125
GET key_428,0.0005972385406494141
INSERT key_429,0.0005116462707519531
GET key_429,0.0006046295166015625
INSERT key_430,0.00051116943359375
GET key_430,0.0005440711975097656
INSERT key_431,0.0006060600280761719
GET key_431,0.0005121231079101562
INSERT key_432,0.0005562305450439453
GET key_432,0.0005533695220947266
INSERT key_433,0.0005447864532470703
GET key_433,0.0011060237884521484
INSERT key_434,0.0
GET key_434,0.0005395412445068359
INSERT key_435,0.00054931640625
GET key_435,0.0005309581756591797
INSERT key_436,0.0011000633239746094
GET key_436,0.0005421638488769531
INSERT key_437,0.0005292892456054688
GET key_437,0.0009336471557617188
INSERT key_438,0.0005774497985839844
GET key_438,0.0011315345764160156
INSERT key_439,0.00051116943359375
GET key_439,0.0005428791046142578
INSERT key_440,0.0005490779876708984
GET key_440,0.0005817413330078125
INSERT key_441,0.0005109310150146484
GET key_441,0.00054931640625
INSERT key_442,0.0005543231964111328
GET key_442,0.0005784034729003906
INSERT key_443,0.0005106925964355469
GET key_443,0.0011968612670898438
INSERT key_444,0.0005548000335693359
GET key_444,0.0005385875701904297
INSERT key_445,0.0005459785461425781
GET key_445,0.0005438327789306641
INSERT key_446,0.0005452632904052734
GET key_446,0.0005314350128173828
INSERT key_447,0.000606536865234375
GET key_447,0.00051116943359375
INSERT key_448,0.0005536079406738281
GET key_448,0.0005409717559814453
INSERT key_449,0.0005557537078857422
GET key_449,0.0006191730499267578
INSERT key_450,0.0011012554168701172
GET key_450,0.0005536079406738281
INSERT key_451,0.0005471706390380859
GET key_451,0.0005366802215576172
INSERT key_452,0.0005478858947753906
GET key_452,0.0005548000335693359
INSERT key_453,0.0005402565002441406
GET key_453,0.0005445480346679688
INSERT key_454,0.0006213188171386719
GET key_454,0.0005137920379638672
INSERT key_455,0.0005354881286621094
GET key_455,0.0006089210510253906
INSERT key_456,0.0005116462707519531
GET key_456,0.0005457401275634766
INSERT key_457,0.0005438327789306641
GET key_457,0.0005435943603515625
INSERT key_458,0.0005407333374023438
GET key_458,0.0005433559417724609
INSERT key_459,0.0006098747253417969
GET key_459,0.0005106925964355469
INSERT key_460,0.0005407333374023438
GET key_460,0.0005357265472412109
INSERT key_461,0.0005428791046142578
GET key_461,0.000553131103515625
INSERT key_462,0.0006096363067626953
GET key_462,0.0005130767822265625
INSERT key_463,0.001216888427734375
GET key_463,0.0013248920440673828
INSERT key_464,0.0005121231079101562
GET key_464,0.0005333423614501953
INSERT key_465,0.0005550384521484375
GET key_465,0.0005557537078857422
INSERT key_466,0.0005486011505126953
GET key_466,0.0005481243133544922
INSERT key_467,0.0005481243133544922
GET key_467,0.0005466938018798828
INSERT key_468,0.0005605220794677734
GET key_468,0.0006055831909179688
INSERT key_469,0.001172780990600586
GET key_469,0.0006203651428222656
INSERT key_470,0.0005776882171630859
GET key_470,0.0010612010955810547
INSERT key_471,0.0005548000335693359
GET key_471,0.0005486011505126953
INSERT key_472,0.0005564689636230469
GET key_472,0.0006797313690185547
INSERT key_473,0.0005071163177490234
GET key_473,0.0010952949523925781
INSERT key_474,0.0006761550903320312
GET key_474,0.0005106925964355469
INSERT key_475,0.0005486011505126953
GET key_475,0.0
INSERT key_476,0.0010890960693359375
GET key_476,0.0005438327789306641
INSERT key_477,0.0005445480346679688
GET key_477,0.0005521774291992188
INSERT key_478,0.0005354881286621094
GET key_478,0.0005536079406738281
INSERT key_479,0.0005497932434082031
GET key_479,0.0005466938018798828
INSERT key_480,0.0006060600280761719
GET key_480,0.0011184215545654297
INSERT key_481,0.0010480880737304688
GET key_481,0.0
INSERT key_482,0.0005600452423095703
GET key_482,0.0005431175231933594
INSERT key_483,0.0005366802215576172
GET key_483,0.001092672348022461
INSERT key_484,0.0005517005920410156
GET key_484,0.0005638599395751953
INSERT key_485,0.0005557537078857422
GET key_485,0.0005481243133544922
INSERT key_486,0.0006315708160400391
GET key_486,0.00051116943359375
INSERT key_487,0.0005459785461425781
GET key_487,0.0008077621459960938
INSERT key_488,0.0005109310150146484
GET key_488,0.0005536079406738281
INSERT key_489,0.0005555152893066406
GET key_489,0.00054931640625
INSERT key_490,0.0005598068237304688
GET key_490,0.0
INSERT key_491,0.0005502700805664062
GET key_491,0.00054931640625
INSERT key_492,0.0
GET key_492,0.0005409717559814453
INSERT key_493,0.0006017684936523438
GET key_493,0.00051116943359375
INSERT key_494,0.0005543231964111328
GET key_494,0.0005464553833007812
INSERT key_495,0.0005540847778320312
GET key_495,0.0005462169647216797
INSERT key_496,0.0005452632904052734
GET key_496,0.0005335807800292969
INSERT key_497,0.0005481243133544922
GET key_497,0.0005512237548828125
INSERT key_498,0.0006043910980224609
GET key_498,0.0005087852478027344
INSERT key_499,0.0005340576171875
GET key_499,0.0005469322204589844
INSERT key_500,0.0005364418029785156
GET key_500,0.0006039142608642578
INSERT key_501,0.0006279945373535156
GET key_501,0.00051116943359375
INSERT key_502,0.0006439685821533203
GET key_502,0.0011396408081054688
INSERT key_503,0.0005123615264892578
GET key_503,0.0005590915679931641
INSERT key_504,0.0005478858947753906
GET key_504,0.001659393310546875
INSERT key_505,0.0006866455078125
GET key_505,0.00051116943359375
INSERT key_506,0.0005474090576171875
GET key_506,0.0005543231964111328
INSERT key_507,0.0005481243133544922
GET key_507,0.0005524158477783203
INSERT key_508,0.0005559921264648438
GET key_508,0.0005450248718261719
INSERT key_509,0.0005908012390136719
GET key_509,0.00051116943359375
INSERT key_510,0.0005588531494140625
GET key_510,0.0005490779876708984
INSERT key_511,0.0005402565002441406
GET key_511,0.0005476474761962891
INSERT key_512,0.0005562305450439453
GET key_512,0.0005550384521484375
INSERT key_513,0.0014445781707763672
GET key_513,0.0005719661712646484
INSERT key_514,0.0005109310150146484
GET key_514,0.0005490779876708984
INSERT key_515,0.0011088848114013672
GET key_515,0.0005371570587158203
INSERT key_516,0.0005462169647216797
GET key_516,0.0005488395690917969
INSERT key_517,0.0005483627319335938
GET key_517,0.00054931640625
INSERT key_518,0.0005452632904052734
GET key_518,0.0008246898651123047
INSERT key_519,0.00051116943359375
GET key_519,0.0010905265808105469
INSERT key_520,0.0
GET key_520,0.0005397796630859375
INSERT key_521,0.0005593299865722656
GET key_521,0.0007016658782958984
INSERT key_522,0.0012707710266113281
GET key_522,0.0005109310150146484
INSERT key_523,0.0
GET key_523,0.0010986328125
INSERT key_524,0.0005476474761962891
GET key_524,0.0005309581756591797
INSERT key_525,0.0005445480346679688
GET key_525,0.0004756450653076172
INSERT key_526,0.0005080699920654297
GET key_526,0.0011374950408935547
INSERT key_527,0.0005118846893310547
GET key_527,0.0005588531494140625
INSERT key_528,0.0005993843078613281
GET key_528,0.0005414485931396484
INSERT key_529,0.0005550384521484375
GET key_529,0.00054931640625
INSERT key_530,0.0005471706390380859
GET key_530,0.0006148815155029297
INSERT key_531,0.0005106925964355469
GET key_531,0.0006122589111328125
INSERT key_532,0.0005106925964355469
GET key_532,0.0005457401275634766
INSERT key_533,0.00054931640625
GET key_533,0.0005514621734619141
INSERT key_534,0.0005993843078613281
GET key_534,0.0005106925964355469
INSERT key_535,0.0005552768707275391
GET key_535,0.0005490779876708984
INSERT key_536,0.0005528926849365234
GET key_536,0.0005483627319335938
INSERT key_537,0.00054931640625
GET key_537,0.0005519390106201172
INSERT key_538,0.000560760498046875
GET key_538,0.0
INSERT key_539,0.0007450580596923828
GET key_539,0.0005109310150146484
INSERT key_540,0.0011632442474365234
GET key_540,0.00051116943359375
INSERT key_541,0.0005550384521484375
GET key_541,0.0005457401275634766
INSERT key_542,0.0005486011505126953
GET key_542,0.0005991458892822266
INSERT key_543,0.00051116943359375
GET key_543,0.000553131103515625
INSERT key_544,0.0005514621734619141
GET key_544,0.0005457401275634766
INSERT key_545,0.0005576610565185547
GET key_545,0.0005490779876708984
INSERT key_546,0.0005478858947753906
GET key_546,0.0005459785461425781
INSERT key_547,0.0005548000335693359
GET key_547,0.0005440711975097656
INSERT key_548,0.0011146068572998047
GET key_548,0.0
INSERT key_549,0.001585245132446289
GET key_549,0.0
INSERT key_550,0.0010123252868652344
GET key_550,0.0010142326354980469
INSERT key_551,0.0
GET key_551,0.0009999275207519531
INSERT key_552,0.0010001659393310547
GET key_552,0.0005173683166503906
INSERT key_553,0.0
GET key_553,0.0010154247283935547
INSERT key_554,0.000995635986328125
GET key_554,0.0
INSERT key_555,0.0009999275207519531
GET key_555,0.0
INSERT key_556,0.0010039806365966797
GET key_556,0.0009961128234863281
INSERT key_557,0.0
GET key_557,0.0
INSERT key_558,0.0014541149139404297
GET key_558,0.0
INSERT key_559,0.0010001659393310547
GET key_559,0.0
INSERT key_560,0.0009951591491699219
GET key_560,0.0009999275207519531
INSERT key_561,0.0
GET key_561,0.0010042190551757812
INSERT key_562,0.0
GET key_562,0.0010001659393310547
INSERT key_563,0.0
GET key_563,0.0010001659393310547
INSERT key_564,0.0
GET key_564,0.0009961128234863281
INSERT key_565,0.00099945068359375
GET key_565,0.0
INSERT key_566,0.0010046958923339844
GET key_566,0.0005125999450683594
INSERT key_567,0.0005476474761962891
GET key_567,0.00054931640625
INSERT key_568,0.0006163120269775391
GET key_568,0.00051116943359375
INSERT key_569,0.0005519390106201172
GET key_569,0.0006110668182373047
INSERT key_570,0.00051116943359375
GET key_570,0.0005545616149902344
INSERT key_571,0.0005323886871337891
GET key_571,0.0005347728729248047
INSERT key_572,0.0005500316619873047
GET key_572,0.0005474090576171875
INSERT key_573,0.0005557537078857422
GET key_573,0.0005297660827636719
INSERT key_574,0.0005502700805664062
GET key_574,0.0005564689636230469
INSERT key_575,0.0005521774291992188
GET key_575,0.0005526542663574219
INSERT key_576,0.0005452632904052734
GET key_576,0.0005526542663574219
INSERT key_577,0.0005393028259277344
GET key_577,0.0005578994750976562
INSERT key_578,0.0006163120269775391
GET key_578,0.00055694580078125
INSERT key_579,0.0006825923919677734
GET key_579,0.0005114078521728516
INSERT key_580,0.0005528926849365234
GET key_580,0.0005517005920410156
INSERT key_581,0.0005476474761962891
GET key_581,0.0005476474761962891
INSERT key_582,0.0006356239318847656
GET key_582,0.0005600452423095703
INSERT key_583,0.0006003379821777344
GET key_583,0.0005109310150146484
INSERT key_584,0.0006062984466552734
GET key_584,0.00051116943359375
INSERT key_585,0.0006012916564941406
GET key_585,0.0005106925964355469
INSERT key_586,0.0005443096160888672
GET key_586,0.000537872314453125
INSERT key_587,0.0005478858947753906
GET key_587,0.0005478858947753906
INSERT key_588,0.0005524158477783203
GET key_588,0.0005478858947753906
INSERT key_589,0.0005474090576171875
GET key_589,0.0005435943603515625
INSERT key_590,0.0005459785461425781
GET key_590,0.0012664794921875
INSERT key_591,0.0005121231079101562
GET key_591,0.0005583763122558594
INSERT key_592,0.0006737709045410156
GET key_592,0.0005071163177490234
INSERT key_593,0.0006010532379150391
GET key_593,0.00051116943359375
INSERT key_594,0.0005440711975097656
GET key_594,0.0005309581756591797
INSERT key_595,0.0005314350128173828
GET key_595,0.0005490779876708984
INSERT key_596,0.0005464553833007812
GET key_596,0.0005586147308349609
INSERT key_597,0.001226663589477539
GET key_597,0.0005147457122802734
INSERT key_598,0.0006899833679199219
GET key_598,0.0008094310760498047
INSERT key_599,0.0006346702575683594
GET key_599,0.0005068778991699219
INSERT key_600,0.0005428791046142578
GET key_600,0.011626243591308594
INSERT key_601,0.003717184066772461
GET key_601,0.0010876655578613281
INSERT key_602,0.0005142688751220703
GET key_602,0.0006158351898193359
INSERT key_603,0.000507354736328125
GET key_603,0.0005350112915039062
INSERT key_604,0.0011222362518310547
GET key_604,0.0005373954772949219
INSERT key_605,0.001150369644165039
GET key_605,0.0005114078521728516
INSERT key_606,0.0005574226379394531
GET key_606,0.0005576610565185547
INSERT key_607,0.0005443096160888672
GET key_607,0.0005540847778320312
INSERT key_608,0.0011143684387207031
GET key_608,0.0005507469177246094
INSERT key_609,0.0005598068237304688
GET key_609,0.0005586147308349609
INSERT key_610,0.0005545616149902344
GET key_610,0.0005545616149902344
INSERT key_611,0.0005445480346679688
GET key_611,0.0005435943603515625
INSERT key_612,0.0005548000335693359
GET key_612,0.0005400180816650391
INSERT key_613,0.0005419254302978516
GET key_613,0.0010714530944824219
INSERT key_614,0.0005371570587158203
GET key_614,0.0005521774291992188
INSERT key_615,0.0011098384857177734
GET key_615,0.0005435943603515625
INSERT key_616,0.0005602836608886719
GET key_616,0.0006008148193359375
INSERT key_617,0.0006310939788818359
GET key_617,0.0005116462707519531
INSERT key_618,0.0011038780212402344
GET key_618,0.0005552768707275391
INSERT key_619,0.0005445480346679688
GET key_619,0.000545501708984375
INSERT key_620,0.0005548000335693359
GET key_620,0.0005550384521484375
INSERT key_621,0.0005517005920410156
GET key_621,0.0005333423614501953
INSERT key_622,0.0005614757537841797
GET key_622,0.0011110305786132812
INSERT key_623,0.0005524158477783203
GET key_623,0.0
INSERT key_624,0.0005497932434082031
GET key_624,0.0005462169647216797
INSERT key_625,0.0006055831909179688
GET key_625,0.0005071163177490234
INSERT key_626,0.0005390644073486328
GET key_626,0.0005500316619873047
INSERT key_627,0.0005576610565185547
GET key_627,0.0005447864532470703
INSERT key_628,0.0005571842193603516
GET key_628,0.0005509853363037109
INSERT key_629,0.00055694580078125
GET key_629,0.0005624294281005859
INSERT key_630,0.0005567073822021484
GET key_630,0.0006604194641113281
INSERT key_631,0.0005118846893310547
GET key_631,0.0005595684051513672
INSERT key_632,0.0005528926849365234
GET key_632,0.0005576610565185547
INSERT key_633,0.0005500316619873047
GET key_633,0.0011038780212402344
INSERT key_634,0.0005574226379394531
GET key_634,0.0005450248718261719
INSERT key_635,0.0005514621734619141
GET key_635,0.0005571842193603516
INSERT key_636,0.0005538463592529297
GET key_636,0.0005576610565185547
INSERT key_637,0.0005509853363037109
GET key_637,0.0005550384521484375
INSERT key_638,0.0005593299865722656
GET key_638,0.0005605220794677734
INSERT key_639,0.0005457401275634766
GET key_639,0.0011913776397705078
INSERT key_640,0.0006031990051269531
GET key_640,0.0005106925964355469
INSERT key_641,0.0006074905395507812
GET key_641,0.0005109310150146484
INSERT key_642,0.00054931640625
GET key_642,0.0010974407196044922
INSERT key_643,0.0005068778991699219
GET key_643,0.0
INSERT key_644,0.0005409717559814453
GET key_644,0.00054931640625
INSERT key_645,0.00054931640625
GET key_645,0.0005540847778320312
INSERT key_646,0.0005552768707275391
GET key_646,0.0005488395690917969
INSERT key_647,0.0005841255187988281
GET key_647,0.0005116462707519531
INSERT key_648,0.0005533695220947266
GET key_648,0.00054931640625
INSERT key_649,0.0005447864532470703
GET key_649,0.0005507469177246094
INSERT key_650,0.0005583763122558594
GET key_650,0.0005559921264648438
INSERT key_651,0.0005574226379394531
GET key_651,0.0005488395690917969
INSERT key_652,0.0006062984466552734
GET key_652,0.0005066394805908203
INSERT key_653,0.0005605220794677734
GET key_653,0.0005464553833007812
INSERT key_654,0.0005586147308349609
GET key_654,0.0005588531494140625
INSERT key_655,0.0006108283996582031
GET key_655,0.00051116943359375
INSERT key_656,0.0005524158477783203
GET key_656,0.0005540847778320312
INSERT key_657,0.0006346702575683594
GET key_657,0.00051116943359375
INSERT key_658,0.0005469322204589844
GET key_658,0.0005581378936767578
INSERT key_659,0.0006098747253417969
GET key_659,0.0005743503570556641
INSERT key_660,0.0005767345428466797
GET key_660,0.0005667209625244141
INSERT key_661,0.0005106925964355469
GET key_661,0.0005538463592529297
INSERT key_662,0.0006053447723388672
GET key_662,0.0005106925964355469
INSERT key_663,0.0005407333374023438
GET key_663,0.0005297660827636719
INSERT key_664,0.0005404949188232422
GET key_664,0.0011098384857177734
INSERT key_665,0.0005669593811035156
GET key_665,0.0005533695220947266
INSERT key_666,0.0005445480346679688
GET key_666,0.0005505084991455078
INSERT key_667,0.0006113052368164062
GET key_667,0.00051116943359375
INSERT key_668,0.0005514621734619141
GET key_668,0.001100778579711914
INSERT key_669,0.0005552768707275391
GET key_669,0.0006031990051269531
INSERT key_670,0.0006616115570068359
GET key_670,0.0005116462707519531
INSERT key_671,0.0005519390106201172
GET key_671,0.0005486011505126953
INSERT key_672,0.0006473064422607422
GET key_672,0.0005085468292236328
INSERT key_673,0.0005409717559814453
GET key_673,0.0005500316619873047
INSERT key_674,0.0005965232849121094
GET key_674,0.0005145072937011719
INSERT key_675,0.0005564689636230469
GET key_675,0.0005478858947753906
INSERT key_676,0.0005576610565185547
GET key_676,0.0005481243133544922
INSERT key_677,0.0005581378936767578
GET key_677,0.0005488395690917969
INSERT key_678,0.0005543231964111328
GET key_678,0.0005478858947753906
INSERT key_679,0.0005600452423095703
GET key_679,0.0005776882171630859
INSERT key_680,0.0005447864532470703
GET key_680,0.0006070137023925781
INSERT key_681,0.00051116943359375
GET key_681,0.0005497932434082031
INSERT key_682,0.0021753311157226562
GET key_682,0.0006465911865234375
INSERT key_683,0.0005068778991699219
GET key_683,0.0005333423614501953
INSERT key_684,0.0006225109100341797
GET key_684,0.000507354736328125
INSERT key_685,0.0005440711975097656
GET key_685,0.0005471706390380859
INSERT key_686,0.0005447864532470703
GET key_686,0.0005409717559814453
INSERT key_687,0.0005524158477783203
GET key_687,0.0005602836608886719
INSERT key_688,0.0
GET key_688,0.0010101795196533203
INSERT key_689,0.0
GET key_689,0.0
INSERT key_690,0.0017962455749511719
GET key_690,0.0
INSERT key_691,0.001012563705444336
GET key_691,0.0
INSERT key_692,0.0010023117065429688
GET key_692,0.0
INSERT key_693,0.0009951591491699219
GET key_693,0.0
INSERT key_694,0.0014729499816894531
GET key_694,0.0
INSERT key_695,0.0009958744049072266
GET key_695,0.0010037422180175781
INSERT key_696,0.0
GET key_696,0.0010008811950683594
INSERT key_697,0.0010001659393310547
GET key_697,0.0005166530609130859
INSERT key_698,0.0
GET key_698,0.0010149478912353516
INSERT key_699,0.0
GET key_699,0.0009996891021728516
INSERT key_700,0.0010004043579101562
GET key_700,0.0
INSERT key_701,0.0010020732879638672
GET key_701,0.0
INSERT key_702,0.000997304916381836
GET key_702,0.0
INSERT key_703,0.0009961128234863281
GET key_703,0.0009999275207519531
INSERT key_704,0.0
GET key_704,0.0010001659393310547
INSERT key_705,0.0009999275207519531
GET key_705,0.0
INSERT key_706,0.0010061264038085938
GET key_706,0.0005137920379638672
INSERT key_707,0.000553131103515625
GET key_707,0.0005521774291992188
INSERT key_708,0.0006077289581298828
GET key_708,0.0005075931549072266
INSERT key_709,0.0005357265472412109
GET key_709,0.0016596317291259766
INSERT key_710,0.0014278888702392578
GET key_710,0.006602287292480469
INSERT key_711,0.0016231536865234375
GET key_711,0.0005576610565185547
INSERT key_712,0.0006504058837890625
GET key_712,0.0005700588226318359
INSERT key_713,0.0005116462707519531
GET key_713,0.0005497932434082031
INSERT key_714,0.0005555152893066406
GET key_714,0.0006103515625
INSERT key_715,0.0006339550018310547
GET key_715,0.0005106925964355469
INSERT key_716,0.0005483627319335938
GET key_716,0.000553131103515625
INSERT key_717,0.0011107921600341797
GET key_717,0.0007147789001464844
INSERT key_718,0.0005142688751220703
GET key_718,0.0005445480346679688
INSERT key_719,0.0005393028259277344
GET key_719,0.0005519390106201172
INSERT key_720,0.0005555152893066406
GET key_720,0.0005445480346679688
INSERT key_721,0.0005445480346679688
GET key_721,0.0005347728729248047
INSERT key_722,0.0005517005920410156
GET key_722,0.001085519790649414
INSERT key_723,0.0005567073822021484
GET key_723,0.0005915164947509766
INSERT key_724,0.00051116943359375
GET key_724,0.0006802082061767578
INSERT key_725,0.0005660057067871094
GET key_725,0.00051116943359375
INSERT key_726,0.0006513595581054688
GET key_726,0.0005109310150146484
INSERT key_727,0.0005521774291992188
GET key_727,0.0006554126739501953
INSERT key_728,0.0005145072937011719
GET key_728,0.0005478858947753906
INSERT key_729,0.000553131103515625
GET key_729,0.0005478858947753906
INSERT key_730,0.0006055831909179688
GET key_730,0.0005347728729248047
INSERT key_731,0.0005524158477783203
GET key_731,0.000553131103515625
INSERT key_732,0.0005509853363037109
GET key_732,0.0005364418029785156
INSERT key_733,0.0005466938018798828
GET key_733,0.0005533695220947266
INSERT key_734,0.0006096363067626953
GET key_734,0.0005142688751220703
INSERT key_735,0.0005421638488769531
GET key_735,0.0005450248718261719
INSERT key_736,0.0005524158477783203
GET key_736,0.0005567073822021484
INSERT key_737,0.0005466938018798828
GET key_737,0.0005567073822021484
INSERT key_738,0.0005562305450439453
GET key_738,0.0006496906280517578
INSERT key_739,0.0005402565002441406
GET key_739,0.0005497932434082031
INSERT key_740,0.0005512237548828125
GET key_740,0.0005612373352050781
INSERT key_741,0.0005583763122558594
GET key_741,0.0007839202880859375
INSERT key_742,0.0012025833129882812
GET key_742,0.001538991928100586
INSERT key_743,0.0015246868133544922
GET key_743,0.001453399658203125
INSERT key_744,0.0006012916564941406
GET key_744,0.002398252487182617
INSERT key_745,0.0018143653869628906
GET key_745,0.0009615421295166016
INSERT key_746,0.0014185905456542969
GET key_746,0.0014259815216064453
INSERT key_747,0.0027327537536621094
GET key_747,0.0010006427764892578
INSERT key_748,0.0008065700531005859
GET key_748,0.0011632442474365234
INSERT key_749,0.008236408233642578
GET key_749,0.006147146224975586
INSERT key_750,0.0005717277526855469
GET key_750,0.0005090236663818359
INSERT key_751,0.0011162757873535156
GET key_751,5.1021575927734375e-05
INSERT key_752,0.0010690689086914062
GET key_752,0.0005548000335693359
INSERT key_753,0.0010831356048583984
GET key_753,0.0006597042083740234
INSERT key_754,0.0005548000335693359
GET key_754,0.0005483627319335938
INSERT key_755,0.0012094974517822266
GET key_755,0.0005538463592529297
INSERT key_756,0.0005557537078857422
GET key_756,0.0005514621734619141
INSERT key_757,0.0005514621734619141
GET key_757,0.0005548000335693359
INSERT key_758,0.0005481243133544922
GET key_758,0.0006334781646728516
INSERT key_759,0.001041412353515625
GET key_759,0.0005633831024169922
INSERT key_760,0.0005526542663574219
GET key_760,0.0005600452423095703
INSERT key_761,0.0005581378936767578
GET key_761,0.0010790824890136719
INSERT key_762,0.0005352497100830078
GET key_762,0.0005538463592529297
INSERT key_763,0.0005280971527099609
GET key_763,0.0
INSERT key_764,0.0005652904510498047
GET key_764,0.0006139278411865234
INSERT key_765,0.0005741119384765625
GET key_765,0.0005114078521728516
INSERT key_766,0.0005476474761962891
GET key_766,0.0007388591766357422
INSERT key_767,0.00051116943359375
GET key_767,0.0006291866302490234
INSERT key_768,0.0005109310150146484
GET key_768,0.0005550384521484375
INSERT key_769,0.0005540847778320312
GET key_769,0.0005562305450439453
INSERT key_770,0.0005509853363037109
GET key_770,0.0010843276977539062
INSERT key_771,0.0006310939788818359
GET key_771,0.0005071163177490234
INSERT key_772,0.0005338191986083984
GET key_772,0.0005385875701904297
INSERT key_773,0.0
GET key_773,0.0010175704956054688
INSERT key_774,0.0005161762237548828
GET key_774,0.0
INSERT key_775,0.001012563705444336
GET key_775,0.0010142326354980469
INSERT key_776,0.000995635986328125
GET key_776,0.0
INSERT key_777,0.0010039806365966797
GET key_777,0.0005190372467041016
INSERT key_778,0.0
GET key_778,0.00101470947265625
INSERT key_779,0.0009999275207519531
GET key_779,0.0
INSERT key_780,0.0009996891021728516
GET key_780,0.0
INSERT key_781,0.0010004043579101562
GET key_781,0.0009999275207519531
INSERT key_782,0.0005161762237548828
GET key_782,0.0010170936584472656
INSERT key_783,0.0
GET key_783,0.0009984970092773438
INSERT key_784,0.0
GET key_784,0.0010001659393310547
INSERT key_785,0.0009958744049072266
GET key_785,0.0
INSERT key_786,0.0010030269622802734
GET key_786,0.0
INSERT key_787,0.0010004043579101562
GET key_787,0.0010006427764892578
INSERT key_788,0.0
GET key_788,0.0009996891021728516
INSERT key_789,0.0009996891021728516
GET key_789,0.0009999275207519531
INSERT key_790,0.0007631778717041016
GET key_790,0.0005075931549072266
INSERT key_791,0.0005488395690917969
GET key_791,0.0011150836944580078
INSERT key_792,0.0005395412445068359
GET key_792,0.0005483627319335938
INSERT key_793,0.0005497932434082031
GET key_793,0.0005555152893066406
INSERT key_794,0.0005450248718261719
GET key_794,0.0005536079406738281
INSERT key_795,0.0013034343719482422
GET key_795,0.0005130767822265625
INSERT key_796,0.0006198883056640625
GET key_796,0.0005071163177490234
INSERT key_797,0.0005340576171875
GET key_797,0.0005474090576171875
INSERT key_798,0.0005478858947753906
GET key_798,0.00054931640625
INSERT key_799,0.001094818115234375
GET key_799,0.0005581378936767578
INSERT key_800,0.0005586147308349609
GET key_800,0.0005526542663574219
INSERT key_801,0.0006203651428222656
GET key_801,0.0011668205261230469
INSERT key_802,0.0005507469177246094
GET key_802,0.0005471706390380859
INSERT key_803,0.0005564689636230469
GET key_803,0.0010814666748046875
INSERT key_804,0.0005474090576171875
GET key_804,0.0007088184356689453
INSERT key_805,0.0005116462707519531
GET key_805,0.0006017684936523438
INSERT key_806,0.0005109310150146484
GET key_806,0.00055694580078125
INSERT key_807,0.0006654262542724609
GET key_807,0.0010552406311035156
INSERT key_808,0.0006000995635986328
GET key_808,0.0005109310150146484
INSERT key_809,0.0005435943603515625
GET key_809,0.0005402565002441406
INSERT key_810,0.0005507469177246094
GET key_810,0.0005550384521484375
INSERT key_811,0.0010905265808105469
GET key_811,0.0005567073822021484
INSERT key_812,0.0005540847778320312
GET key_812,0.0005559921264648438
INSERT key_813,0.0005457401275634766
GET key_813,0.0005505084991455078
INSERT key_814,0.0
GET key_814,0.001012563705444336
INSERT key_815,0.0005166530609130859
GET key_815,0.0010113716125488281
INSERT key_816,0.0005598068237304688
GET key_816,0.0005538463592529297
INSERT key_817,5.14984130859375e-05
GET key_817,0.0010519027709960938
INSERT key_818,0.0007812976837158203
GET key_818,0.0010447502136230469
INSERT key_819,0.0006277561187744141
GET key_819,0.00011682510375976562
INSERT key_820,0.0010671615600585938
GET key_820,0.0005357265472412109
INSERT key_821,0.0005936622619628906
GET key_821,0.0005154609680175781
INSERT key_822,0.0005588531494140625
GET key_822,0.0006091594696044922
INSERT key_823,0.0005648136138916016
GET key_823,0.0005650520324707031
INSERT key_824,0.0005106925964355469
GET key_824,0.0010950565338134766
INSERT key_825,0.0005526542663574219
GET key_825,0.0005533695220947266
INSERT key_826,0.00054931640625
GET key_826,0.0005304813385009766
INSERT key_827,0.0005602836608886719
GET key_827,0.0006093978881835938
INSERT key_828,0.00051116943359375
GET key_828,0.0005590915679931641
INSERT key_829,0.0005540847778320312
GET key_829,0.0005602836608886719
INSERT key_830,0.0005526542663574219
GET key_830,0.0005600452423095703
INSERT key_831,0.0005559921264648438
GET key_831,0.0011954307556152344
INSERT key_832,0.0006237030029296875
GET key_832,0.0005638599395751953
INSERT key_833,0.0005078315734863281
GET key_833,0.0005886554718017578
INSERT key_834,0.0005104541778564453
GET key_834,0.0010933876037597656
INSERT key_835,0.0005614757537841797
GET key_835,0.0005433559417724609
INSERT key_836,0.0005433559417724609
GET key_836,0.0006096363067626953
INSERT key_837,0.0005106925964355469
GET key_837,0.0005605220794677734
INSERT key_838,0.0010967254638671875
GET key_838,0.0007786750793457031
INSERT key_839,0.0005106925964355469
GET key_839,0.0005536079406738281
INSERT key_840,0.0005490779876708984
GET key_840,0.0005559921264648438
INSERT key_841,0.0
GET key_841,0.0010142326354980469
INSERT key_842,0.0
GET key_842,0.0
INSERT key_843,0.0018036365509033203
GET key_843,0.0
INSERT key_844,0.0009582042694091797
GET key_844,0.0
INSERT key_845,0.002521991729736328
GET key_845,0.0010149478912353516
INSERT key_846,0.0
GET key_846,0.00099945068359375
INSERT key_847,0.0
GET key_847,0.0010006427764892578
INSERT key_848,0.0
GET key_848,0.000995635986328125
INSERT key_849,0.0009999275207519531
GET key_849,0.0005064010620117188
INSERT key_850,0.0
GET key_850,0.0005476474761962891
INSERT key_851,0.001153707504272461
GET key_851,0.0005118846893310547
INSERT key_852,0.0005526542663574219
GET key_852,0.0005514621734619141
INSERT key_853,0.0005528926849365234
GET key_853,0.0005519390106201172
INSERT key_854,0.0006093978881835938
GET key_854,0.0005106925964355469
INSERT key_855,0.0005474090576171875
GET key_855,0.0005433559417724609
INSERT key_856,0.0005435943603515625
GET key_856,0.0
INSERT key_857,0.0005373954772949219
GET key_857,0.00015354156494140625
INSERT key_858,0.000507354736328125
GET key_858,0.001150369644165039
INSERT key_859,0.00051116943359375
GET key_859,0.0005471706390380859
INSERT key_860,0.0005548000335693359
GET key_860,0.0005466938018798828
INSERT key_861,0.0005528926849365234
GET key_861,0.0005595684051513672
INSERT key_862,0.0011107921600341797
GET key_862,0.0006060600280761719
INSERT key_863,0.0005121231079101562
GET key_863,0.0005488395690917969
INSERT key_864,0.0005495548248291016
GET key_864,0.0
INSERT key_865,0.0005457401275634766
GET key_865,0.0011031627655029297
INSERT key_866,0.0005526542663574219
GET key_866,0.0005564689636230469
INSERT key_867,0.0005445480346679688
GET key_867,0.0007936954498291016
INSERT key_868,0.0005106925964355469
GET key_868,0.00061798095703125
INSERT key_869,0.0005657672882080078
GET key_869,0.00051116943359375
INSERT key_870,0.0006699562072753906
GET key_870,0.0005099773406982422
INSERT key_871,0.0006079673767089844
GET key_871,0.0005104541778564453
INSERT key_872,0.0005559921264648438
GET key_872,0.00054931640625
INSERT key_873,0.0005512237548828125
GET key_873,0.0005502700805664062
INSERT key_874,0.0005381107330322266
GET key_874,0.0005412101745605469
INSERT key_875,0.0005540847778320312
GET key_875,0.0005314350128173828
INSERT key_876,0.0010082721710205078
GET key_876,0.0
INSERT key_877,0.0
GET key_877,0.0
INSERT key_878,0.0018014907836914062
GET key_878,0.0010104179382324219
INSERT key_879,0.0010042190551757812
GET key_879,0.0
INSERT key_880,0.0009996891021728516
GET key_880,0.0005164146423339844
INSERT key_881,0.0
GET key_881,0.0010104179382324219
INSERT key_882,0.0
GET key_882,0.002003908157348633
INSERT key_883,0.0
GET key_883,0.0010004043579101562
INSERT key_884,0.0
GET key_884,0.0010001659393310547
INSERT key_885,0.0005125999450683594
GET key_885,0.0017409324645996094
INSERT key_886,0.0007491111755371094
GET key_886,0.0005075931549072266
INSERT key_887,0.0006024837493896484
GET key_887,0.0005452632904052734
INSERT key_888,0.0017704963684082031
GET key_888,0.0005466938018798828
INSERT key_889,0.0005564689636230469
GET key_889,0.0005478858947753906
INSERT key_890,0.0005362033843994141
GET key_890,0.0005581378936767578
INSERT key_891,0.001238107681274414
GET key_891,0.0005116462707519531
INSERT key_892,0.0005464553833007812
GET key_892,0.0005412101745605469
INSERT key_893,0.0007369518280029297
GET key_893,0.0005106925964355469
INSERT key_894,0.0011088848114013672
GET key_894,0.0005578994750976562
INSERT key_895,0.0005536079406738281
GET key_895,0.0005600452423095703
INSERT key_896,0.0005564689636230469
GET key_896,0.0005528926849365234
INSERT key_897,0.00055694580078125
GET key_897,0.0005562305450439453
INSERT key_898,0.0005502700805664062
GET key_898,0.0005459785461425781
INSERT key_899,0.0005526542663574219
GET key_899,0.0006220340728759766
INSERT key_900,0.0005106925964355469
GET key_900,0.0005521774291992188
INSERT key_901,0.0005552768707275391
GET key_901,0.0005550384521484375
INSERT key_902,0.0006039142608642578
GET key_902,0.0005133152008056641
INSERT key_903,0.0005414485931396484
GET key_903,0.0005598068237304688
INSERT key_904,0.0005619525909423828
GET key_904,0.0006098747253417969
INSERT key_905,0.0005095005035400391
GET key_905,0.0006048679351806641
INSERT key_906,0.0006339550018310547
GET key_906,0.0005068778991699219
INSERT key_907,0.0005388259887695312
GET key_907,0.0005278587341308594
INSERT key_908,0.000537872314453125
GET key_908,0.0011000633239746094
INSERT key_909,0.0005469322204589844
GET key_909,0.0005939006805419922
INSERT key_910,0.00051116943359375
GET key_910,0.0005509853363037109
INSERT key_911,0.0005495548248291016
GET key_911,0.0005445480346679688
INSERT key_912,0.0006396770477294922
GET key_912,0.0005645751953125
INSERT key_913,0.00051116943359375
GET key_913,0.0005490779876708984
INSERT key_914,0.0016674995422363281
GET key_914,0.0011067390441894531
INSERT key_915,0.0
GET key_915,0.0005586147308349609
INSERT key_916,0.0005478858947753906
GET key_916,0.0005486011505126953
INSERT key_917,0.0005502700805664062
GET key_917,0.0005440711975097656
INSERT key_918,0.003149747848510742
GET key_918,0.0005106925964355469
INSERT key_919,0.0005593299865722656
GET key_919,0.0005528926849365234
INSERT key_920,0.0005447864532470703
GET key_920,0.0005300045013427734
INSERT key_921,0.0005471706390380859
GET key_921,0.0005490779876708984
INSERT key_922,0.0006144046783447266
GET key_922,0.00051116943359375
INSERT key_923,0.0005981922149658203
GET key_923,0.00051116943359375
INSERT key_924,0.0005517005920410156
GET key_924,0.0005512237548828125
INSERT key_925,0.0005488395690917969
GET key_925,0.0006000995635986328
INSERT key_926,0.0005104541778564453
GET key_926,0.0005545616149902344
INSERT key_927,0.0005555152893066406
GET key_927,0.0005497932434082031
INSERT key_928,0.0005486011505126953
GET key_928,0.0006268024444580078
INSERT key_929,0.0006968975067138672
GET key_929,0.00051116943359375
INSERT key_930,0.0005447864532470703
GET key_930,0.0005490779876708984
INSERT key_931,0.0005567073822021484
GET key_931,0.0005488395690917969
INSERT key_932,0.0005500316619873047
GET key_932,0.0005486011505126953
INSERT key_933,0.0005486011505126953
GET key_933,0.0005404949188232422
INSERT key_934,0.0005402565002441406
GET key_934,0.0005440711975097656
INSERT key_935,0.0005543231964111328
GET key_935,0.0005478858947753906
INSERT key_936,0.0005390644073486328
GET key_936,0.0005400180816650391
INSERT key_937,0.0005447864532470703
GET key_937,0.0005335807800292969
INSERT key_938,0.0005719661712646484
GET key_938,0.0005388259887695312
INSERT key_939,0.0
GET key_939,0.0010650157928466797
INSERT key_940,0.00054168701171875
GET key_940,0.0005335807800292969
INSERT key_941,0.0005476474761962891
GET key_941,0.0005345344543457031
INSERT key_942,0.0005440711975097656
GET key_942,0.0005354881286621094
INSERT key_943,0.0006885528564453125
GET key_943,0.00051116943359375
INSERT key_944,0.0005574226379394531
GET key_944,0.0005459785461425781
INSERT key_945,0.0005388259887695312
GET key_945,0.0005369186401367188
INSERT key_946,0.0005517005920410156
GET key_946,0.0005526542663574219
INSERT key_947,0.0005555152893066406
GET key_947,0.0005359649658203125
INSERT key_948,0.0005404949188232422
GET key_948,0.0005397796630859375
INSERT key_949,0.0005395412445068359
GET key_949,0.0005342960357666016
INSERT key_950,0.0005381107330322266
GET key_950,0.0005338191986083984
INSERT key_951,0.00054931640625
GET key_951,0.0
INSERT key_952,0.0011043548583984375
GET key_952,0.0005338191986083984
INSERT key_953,0.0005960464477539062
GET key_953,0.00051116943359375
INSERT key_954,0.0005550384521484375
GET key_954,0.0005850791931152344
INSERT key_955,0.0005066394805908203
GET key_955,0.0005297660827636719
INSERT key_956,0.0005326271057128906
GET key_956,0.0005526542663574219
INSERT key_957,0.0005445480346679688
GET key_957,0.00011396408081054688
INSERT key_958,0.0005125999450683594
GET key_958,0.0005478858947753906
INSERT key_959,0.0006003379821777344
GET key_959,0.0005068778991699219
INSERT key_960,0.0005495548248291016
GET key_960,0.0005536079406738281
INSERT key_961,0.0005536079406738281
GET key_961,0.0005486011505126953
INSERT key_962,0.0011150836944580078
GET key_962,5.269050598144531e-05
INSERT key_963,0.0011053085327148438
GET key_963,0.0
INSERT key_964,0.0005068778991699219
GET key_964,0.0005288124084472656
INSERT key_965,0.0005438327789306641
GET key_965,0.0005500316619873047
INSERT key_966,0.0005469322204589844
GET key_966,0.0005502700805664062
INSERT key_967,0.0005478858947753906
GET key_967,0.0005466938018798828
INSERT key_968,0.0005335807800292969
GET key_968,0.0005481243133544922
INSERT key_969,0.0011029243469238281
GET key_969,0.0
INSERT key_970,0.0
GET key_970,0.0005548000335693359
INSERT key_971,0.0005526542663574219
GET key_971,0.0007116794586181641
INSERT key_972,0.0005109310150146484
GET key_972,0.0005614757537841797
INSERT key_973,0.0005538463592529297
GET key_973,0.0005545616149902344
INSERT key_974,0.0006995201110839844
GET key_974,0.0005071163177490234
INSERT key_975,0.0005433559417724609
GET key_975,0.0005528926849365234
INSERT key_976,0.0005500316619873047
GET key_976,0.0005345344543457031
INSERT key_977,0.0005478858947753906
GET key_977,0.0005524158477783203
INSERT key_978,0.0005478858947753906
GET key_978,0.0005528926849365234
INSERT key_979,0.0005505084991455078
GET key_979,0.0005469322204589844
INSERT key_980,0.0005509853363037109
GET key_980,0.000553131103515625
INSERT key_981,0.0005612373352050781
GET key_981,0.0005400180816650391
INSERT key_982,0.0005471706390380859
GET key_982,0.0006380081176757812
INSERT key_983,0.0005109310150146484
GET key_983,0.0005552768707275391
INSERT key_984,0.0
GET key_984,0.0005521774291992188
INSERT key_985,0.000530242919921875
GET key_985,0.0005259513854980469
INSERT key_986,0.0005939006805419922
GET key_986,0.0005114078521728516
INSERT key_987,0.0005600452423095703
GET key_987,0.0005593299865722656
INSERT key_988,0.0005512237548828125
GET key_988,0.0005559921264648438
INSERT key_989,0.0005478858947753906
GET key_989,0.0005543231964111328
INSERT key_990,0.0005469322204589844
GET key_990,0.0005502700805664062
INSERT key_991,0.0005555152893066406
GET key_991,0.0005500316619873047
INSERT key_992,0.0011017322540283203
GET key_992,0.00055694580078125
INSERT key_993,0.001123666763305664
GET key_993,0.0011162757873535156
INSERT key_994,0.0005502700805664062
GET key_994,0.0017056465148925781
INSERT key_995,0.0005362033843994141
GET key_995,0.0005993843078613281
INSERT key_996,0.0005109310150146484
GET key_996,0.0005543231964111328
INSERT key_997,0.0006604194641113281
GET key_997,0.0005114078521728516
INSERT key_998,0.0006108283996582031
GET key_998,0.0005114078521728516
INSERT key_999,0.0005514621734619141
GET key_999,0.0005590915679931641
