operation,runtime
SET key_0,0.0005025863647460938
GET key_0,0.0005397796630859375
SET key_1,5.7697296142578125e-05
GET key_1,0.0005776882171630859
SET key_2,0.0
GET key_2,0.0
SET key_3,0.0009288787841796875
GET key_3,0.0010271072387695312
SET key_4,0.00021457672119140625
GET key_4,0.0005221366882324219
SET key_5,0.0
GET key_5,0.0005218982696533203
SET key_6,0.0006422996520996094
GET key_6,0.0
SET key_7,0.0007104873657226562
GET key_7,0.0
SET key_8,0.0007011890411376953
GET key_8,0.0
SET key_9,0.000598907470703125
GET key_9,0.0
SET key_10,0.0
GET key_10,0.0009055137634277344
SET key_11,0.0
GET key_11,0.0
SET key_12,0.0010020732879638672
GET key_12,0.0010008811950683594
SET key_13,0.0
GET key_13,0.0
SET key_14,0.0009980201721191406
GET key_14,0.0010058879852294922
SET key_15,0.0
GET key_15,0.0009751319885253906
SET key_16,0.0
GET key_16,0.0
SET key_17,0.0008306503295898438
GET key_17,0.0
SET key_18,0.0009996891021728516
GET key_18,0.0
SET key_19,0.0010006427764892578
GET key_19,0.0
SET key_20,0.0010001659393310547
GET key_20,0.0
SET key_21,0.0
GET key_21,0.0010001659393310547
SET key_22,0.0
GET key_22,0.0
SET key_23,0.0
GET key_23,0.00099945068359375
SET key_24,0.0
GET key_24,0.0
SET key_25,0.0010001659393310547
GET key_25,0.0
SET key_26,0.0
GET key_26,0.0010008811950683594
SET key_27,0.0
GET key_27,0.0
SET key_28,0.00099945068359375
GET key_28,0.0
SET key_29,0.0
GET key_29,0.0010499954223632812
SET key_30,0.0
GET key_30,0.0
SET key_31,0.0010020732879638672
GET key_31,0.0
SET key_32,0.0009996891021728516
GET key_32,0.0
SET key_33,0.0
GET key_33,0.0009987354278564453
SET key_34,0.0
GET key_34,0.0
SET key_35,0.0
GET key_35,0.0009992122650146484
SET key_36,0.0
GET key_36,0.0
SET key_37,0.0015039443969726562
GET key_37,0.0001595020294189453
SET key_38,0.0
GET key_38,0.0008463859558105469
SET key_39,0.0
GET key_39,0.0
SET key_40,0.0
GET key_40,0.0
SET key_41,0.0
GET key_41,0.0009996891021728516
SET key_42,0.0010895729064941406
GET key_42,0.0
SET key_43,0.0
GET key_43,0.0009822845458984375
SET key_44,0.0
GET key_44,0.0009996891021728516
SET key_45,0.0
GET key_45,0.0
SET key_46,0.0
GET key_46,0.0009999275207519531
SET key_47,0.0
GET key_47,0.0
SET key_48,0.0010371208190917969
GET key_48,0.0
SET key_49,0.0
GET key_49,0.0009627342224121094
SET key_50,0.0
GET key_50,0.0
SET key_51,0.0010004043579101562
GET key_51,0.0
SET key_52,0.0010304450988769531
GET key_52,0.0
SET key_53,0.0009872913360595703
GET key_53,0.0
SET key_54,0.0
GET key_54,0.0015034675598144531
SET key_55,0.00034999847412109375
GET key_55,0.0
SET key_56,0.0006537437438964844
GET key_56,0.0
SET key_57,0.0
GET key_57,0.0
SET key_58,0.0
GET key_58,0.0020771026611328125
SET key_59,0.0005044937133789062
GET key_59,0.0
SET key_60,0.0
GET key_60,0.0
SET key_61,0.0010042190551757812
GET key_61,0.0
SET key_62,0.0
GET key_62,0.001001119613647461
SET key_63,0.0
GET key_63,0.0009980201721191406
SET key_64,0.0
GET key_64,0.0
SET key_65,0.001001596450805664
GET key_65,0.0
SET key_66,0.0
GET key_66,0.00099945068359375
SET key_67,0.0
GET key_67,0.0
SET key_68,0.0
GET key_68,0.0
SET key_69,0.0016334056854248047
GET key_69,0.0
SET key_70,0.0008742809295654297
GET key_70,0.0
SET key_71,0.0
GET key_71,0.001005411148071289
SET key_72,0.0
GET key_72,0.0
SET key_73,0.0
GET key_73,0.0009980201721191406
SET key_74,0.0
GET key_74,0.00099945068359375
SET key_75,0.0
GET key_75,0.0
SET key_76,0.001058340072631836
GET key_76,0.0
SET key_77,0.0
GET key_77,0.000942230224609375
SET key_78,0.0
GET key_78,0.0
SET key_79,0.0009992122650146484
GET key_79,0.0010025501251220703
SET key_80,0.0002224445343017578
GET key_80,0.0005030632019042969
SET key_81,0.0
GET key_81,0.001003265380859375
SET key_82,9.703636169433594e-05
GET key_82,0.0
SET key_83,0.0009891986846923828
GET key_83,0.00099945068359375
SET key_84,0.0
GET key_84,0.0
SET key_85,0.0010004043579101562
GET key_85,0.0
SET key_86,0.0009999275207519531
GET key_86,0.0
SET key_87,0.0
GET key_87,0.0009996891021728516
SET key_88,0.0
GET key_88,0.0010001659393310547
SET key_89,0.0
GET key_89,0.0
SET key_90,0.0010004043579101562
GET key_90,0.0010006427764892578
SET key_91,0.0
GET key_91,0.0
SET key_92,0.0009992122650146484
GET key_92,0.0
SET key_93,0.0
GET key_93,0.0010161399841308594
SET key_94,0.0
GET key_94,0.001035451889038086
SET key_95,0.0
GET key_95,0.0
SET key_96,0.0009999275207519531
GET key_96,0.0003342628479003906
SET key_97,0.0
GET key_97,0.0006670951843261719
SET key_98,0.0
GET key_98,0.0
SET key_99,0.0
GET key_99,0.0015037059783935547
SET key_100,0.0
GET key_100,0.0
SET key_101,0.001005411148071289
GET key_101,0.0
SET key_102,0.0
GET key_102,0.00099945068359375
SET key_103,0.0
GET key_103,0.0009999275207519531
SET key_104,0.0
GET key_104,0.0
SET key_105,0.0009999275207519531
GET key_105,0.0
SET key_106,0.0
GET key_106,0.0017876625061035156
SET key_107,0.0
GET key_107,0.0006706714630126953
SET key_108,0.0
GET key_108,0.0009946823120117188
SET key_109,0.0
GET key_109,0.0010027885437011719
SET key_110,0.0
GET key_110,0.0
SET key_111,0.0010013580322265625
GET key_111,0.0009992122650146484
SET key_112,0.0
GET key_112,0.00099945068359375
SET key_113,0.0
GET key_113,0.0010001659393310547
SET key_114,0.0
GET key_114,0.001001119613647461
SET key_115,0.0
GET key_115,0.0
SET key_116,0.0009989738464355469
GET key_116,0.0
SET key_117,0.0
GET key_117,0.0020737648010253906
SET key_118,0.0
GET key_118,0.0
SET key_119,0.0009992122650146484
GET key_119,0.0
SET key_120,0.0010001659393310547
GET key_120,0.0
SET key_121,0.0
GET key_121,0.0009996891021728516
SET key_122,0.0
GET key_122,0.0
SET key_123,0.0010006427764892578
GET key_123,0.0
SET key_124,0.00099945068359375
GET key_124,0.0
SET key_125,0.0
GET key_125,0.0010001659393310547
SET key_126,0.0
GET key_126,0.0
SET key_127,0.0010013580322265625
GET key_127,0.0
SET key_128,0.0
GET key_128,0.0009987354278564453
SET key_129,0.0
GET key_129,0.0
SET key_130,0.001001119613647461
GET key_130,0.0
SET key_131,0.0011286735534667969
GET key_131,0.0
SET key_132,0.0
GET key_132,0.0009312629699707031
SET key_133,0.0
GET key_133,0.0009899139404296875
SET key_134,0.0
GET key_134,0.0
SET key_135,0.0009999275207519531
GET key_135,0.00023794174194335938
SET key_136,0.0
GET key_136,0.0007619857788085938
SET key_137,0.0
GET key_137,0.0
SET key_138,0.0015034675598144531
GET key_138,0.0
SET key_139,0.0010037422180175781
GET key_139,0.0
SET key_140,0.0
GET key_140,0.0010001659393310547
SET key_141,0.0
GET key_141,0.0015034675598144531
SET key_142,0.0
GET key_142,0.0010035037994384766
SET key_143,0.0
GET key_143,0.0
SET key_144,0.0010020732879638672
GET key_144,0.0
SET key_145,0.0
GET key_145,0.0009980201721191406
SET key_146,0.0
GET key_146,0.0
SET key_147,0.0010008811950683594
GET key_147,0.0
SET key_148,0.0010046958923339844
GET key_148,0.0
SET key_149,0.0
GET key_149,0.000995635986328125
SET key_150,0.0
GET key_150,0.0009984970092773438
SET key_151,0.0
GET key_151,0.001001119613647461
SET key_152,0.0
GET key_152,0.0
SET key_153,0.001001119613647461
GET key_153,0.0
SET key_154,0.0009992122650146484
GET key_154,0.0
SET key_155,0.0005037784576416016
GET key_155,0.0
SET key_156,0.0
GET key_156,0.0010037422180175781
SET key_157,0.0010039806365966797
GET key_157,0.0
SET key_158,0.0
GET key_158,0.00099945068359375
SET key_159,0.0
GET key_159,0.0
SET key_160,0.0009999275207519531
GET key_160,0.0
SET key_161,0.0
GET key_161,0.0009999275207519531
SET key_162,0.0
GET key_162,0.0
SET key_163,0.001001596450805664
GET key_163,0.0010547637939453125
SET key_164,0.0
GET key_164,0.0
SET key_165,0.0009982585906982422
GET key_165,0.0
SET key_166,0.0
GET key_166,0.0
SET key_167,0.0015027523040771484
GET key_167,0.0
SET key_168,0.0010044574737548828
GET key_168,0.0
SET key_169,0.0
GET key_169,0.0009989738464355469
SET key_170,0.0
GET key_170,0.0
SET key_171,0.0010006427764892578
GET key_171,0.0
SET key_172,0.0
GET key_172,0.0009996891021728516
SET key_173,0.0
GET key_173,0.0009996891021728516
SET key_174,0.0
GET key_174,0.0009999275207519531
SET key_175,5.030632019042969e-05
GET key_175,0.0
SET key_176,0.0009505748748779297
GET key_176,0.0
SET key_177,0.0
GET key_177,0.0
SET key_178,0.0015044212341308594
GET key_178,0.0
SET key_179,0.0
GET key_179,0.0
SET key_180,0.0015120506286621094
GET key_180,0.0
SET key_181,0.0
GET key_181,0.0010037422180175781
SET key_182,0.0
GET key_182,0.0
SET key_183,0.0010042190551757812
GET key_183,0.001001119613647461
SET key_184,0.0
GET key_184,0.0
SET key_185,0.0009987354278564453
GET key_185,0.0
SET key_186,0.0
GET key_186,0.0009999275207519531
SET key_187,0.0
GET key_187,0.0009999275207519531
SET key_188,0.0
GET key_188,0.0
SET key_189,0.0010001659393310547
GET key_189,0.0
SET key_190,0.0
GET key_190,0.0009999275207519531
SET key_191,0.0
GET key_191,0.0
SET key_192,0.0
GET key_192,0.0
SET key_193,0.0
GET key_193,0.00113677978515625
SET key_194,0.0
GET key_194,0.0009229183197021484
SET key_195,0.0
GET key_195,0.0009989738464355469
SET key_196,0.0
GET key_196,0.0
SET key_197,0.0009996891021728516
GET key_197,0.0010008811950683594
SET key_198,0.0
GET key_198,0.0009999275207519531
SET key_199,0.0
GET key_199,0.0010004043579101562
SET key_200,0.0
GET key_200,0.0
SET key_201,0.0009992122650146484
GET key_201,0.0010001659393310547
SET key_202,0.0
GET key_202,0.0
SET key_203,0.0
GET key_203,0.0
SET key_204,0.0016090869903564453
GET key_204,0.0
SET key_205,0.0008974075317382812
GET key_205,0.0
SET key_206,0.0010409355163574219
GET key_206,0.0
SET key_207,0.0
GET key_207,0.0009591579437255859
SET key_208,0.0
GET key_208,0.0010006427764892578
SET key_209,0.0
GET key_209,0.0
SET key_210,0.0009996891021728516
GET key_210,0.0
SET key_211,0.0
GET key_211,0.0010004043579101562
SET key_212,0.0
GET key_212,0.0009999275207519531
SET key_213,0.0002601146697998047
GET key_213,0.0005025863647460938
SET key_214,0.0
GET key_214,0.0
SET key_215,0.0010035037994384766
GET key_215,0.0
SET key_216,0.0
GET key_216,0.0015871524810791016
SET key_217,0.0005152225494384766
GET key_217,0.0
SET key_218,0.0010035037994384766
GET key_218,0.0
SET key_219,0.0009999275207519531
GET key_219,0.0
SET key_220,0.0010001659393310547
GET key_220,0.0
SET key_221,0.001001119613647461
GET key_221,0.0
SET key_222,0.0
GET key_222,0.0009999275207519531
SET key_223,0.0
GET key_223,0.0
SET key_224,0.0009999275207519531
GET key_224,0.0010116100311279297
SET key_225,0.0
GET key_225,0.0
SET key_226,0.00138092041015625
GET key_226,0.0
SET key_227,0.0
GET key_227,0.0010039806365966797
SET key_228,0.0
GET key_228,0.001005411148071289
SET key_229,0.0
GET key_229,0.0009987354278564453
SET key_230,0.0
GET key_230,0.0
SET key_231,0.001001596450805664
GET key_231,0.0
SET key_232,0.0
GET key_232,0.0009984970092773438
SET key_233,0.001001119613647461
GET key_233,0.0
SET key_234,0.0
GET key_234,0.0009989738464355469
SET key_235,0.0
GET key_235,0.0
SET key_236,0.0009999275207519531
GET key_236,0.0
SET key_237,0.001001119613647461
GET key_237,0.0
SET key_238,0.0
GET key_238,0.0009989738464355469
SET key_239,0.0
GET key_239,0.0
SET key_240,0.0010001659393310547
GET key_240,0.0
SET key_241,0.0
GET key_241,0.001027822494506836
SET key_242,0.0
GET key_242,0.0009999275207519531
SET key_243,0.0
GET key_243,0.0
SET key_244,0.0010013580322265625
GET key_244,0.0
SET key_245,0.0
GET key_245,0.0009984970092773438
SET key_246,0.0
GET key_246,0.0
SET key_247,0.0010001659393310547
GET key_247,0.0
SET key_248,0.0
GET key_248,0.0009999275207519531
SET key_249,0.0
GET key_249,0.001001119613647461
SET key_250,0.0
GET key_250,0.0009992122650146484
SET key_251,0.0
GET key_251,0.0010001659393310547
SET key_252,0.0005044937133789062
GET key_252,0.0
SET key_253,0.0005097389221191406
GET key_253,0.0
SET key_254,0.0
GET key_254,0.0010035037994384766
SET key_255,0.0
GET key_255,0.0010001659393310547
SET key_256,0.0
GET key_256,0.0
SET key_257,0.001001119613647461
GET key_257,0.0
SET key_258,0.0
GET key_258,0.0009992122650146484
SET key_259,0.0
GET key_259,0.0
SET key_260,0.0009996891021728516
GET key_260,0.0
SET key_261,0.0
GET key_261,0.0010006427764892578
SET key_262,0.0
GET key_262,0.0009992122650146484
SET key_263,0.0
GET key_263,0.0
SET key_264,0.0010004043579101562
GET key_264,0.0
SET key_265,0.0
GET key_265,0.0010006427764892578
SET key_266,0.0
GET key_266,0.0009996891021728516
SET key_267,0.0
GET key_267,0.0
SET key_268,0.0010607242584228516
GET key_268,0.0010001659393310547
SET key_269,0.0
GET key_269,0.001001119613647461
SET key_270,0.0
GET key_270,0.0
SET key_271,0.0009984970092773438
GET key_271,0.0
SET key_272,0.0
GET key_272,0.0010001659393310547
SET key_273,0.0
GET key_273,0.0
SET key_274,0.0009996891021728516
GET key_274,9.441375732421875e-05
SET key_275,0.0
GET key_275,0.0009055137634277344
SET key_276,0.0
GET key_276,0.0
SET key_277,0.0
GET key_277,0.0
SET key_278,0.0015044212341308594
GET key_278,0.0
SET key_279,0.0
GET key_279,0.0
SET key_280,0.0
GET key_280,0.0015187263488769531
SET key_281,0.0
GET key_281,0.0010039806365966797
SET key_282,0.0
GET key_282,0.0
SET key_283,0.0009999275207519531
GET key_283,0.0
SET key_284,0.0010013580322265625
GET key_284,0.0
SET key_285,0.0
GET key_285,0.0009996891021728516
SET key_286,0.0
GET key_286,0.0
SET key_287,0.0
GET key_287,0.0009982585906982422
SET key_288,0.0
GET key_288,0.0
SET key_289,0.0
GET key_289,0.0015039443969726562
SET key_290,0.0
GET key_290,0.0
SET key_291,0.0
GET key_291,0.0
SET key_292,0.0
GET key_292,0.001001119613647461
SET key_293,0.0
GET key_293,0.0
SET key_294,0.0
GET key_294,0.0016632080078125
SET key_295,0.0
GET key_295,0.0006196498870849609
SET key_296,0.0
GET key_296,0.0
SET key_297,0.0
GET key_297,0.0
SET key_298,0.0
GET key_298,0.0009996891021728516
SET key_299,0.0
GET key_299,0.0010001659393310547
SET key_300,0.0
GET key_300,0.0
SET key_301,0.0010004043579101562
GET key_301,0.0
SET key_302,0.0
GET key_302,0.0
SET key_303,0.001001596450805664
GET key_303,0.0
SET key_304,0.0
GET key_304,0.0009975433349609375
SET key_305,0.0
GET key_305,0.0
SET key_306,0.001001596450805664
GET key_306,0.0
SET key_307,0.0010006427764892578
GET key_307,0.0
SET key_308,0.0009987354278564453
GET key_308,0.0
SET key_309,0.0
GET key_309,0.0
SET key_310,0.0
GET key_310,0.0
SET key_311,0.0
GET key_311,0.0009846687316894531
SET key_312,0.0
GET key_312,0.0010008811950683594
SET key_313,0.0
GET key_313,0.0
SET key_314,0.0009996891021728516
GET key_314,0.0
SET key_315,0.0
GET key_315,0.0009992122650146484
SET key_316,0.0
GET key_316,0.0
SET key_317,0.0009999275207519531
GET key_317,0.0
SET key_318,0.0
GET key_318,0.0009999275207519531
SET key_319,0.0
GET key_319,0.0010006427764892578
SET key_320,0.0
GET key_320,0.0
SET key_321,0.0009992122650146484
GET key_321,0.0
SET key_322,0.0
GET key_322,0.0010008811950683594
SET key_323,0.0005035400390625
GET key_323,0.0
SET key_324,0.0010046958923339844
GET key_324,0.0
SET key_325,0.0
GET key_325,0.001001119613647461
SET key_326,0.0
GET key_326,0.0
SET key_327,0.0009980201721191406
GET key_327,0.0
SET key_328,0.0
GET key_328,0.0009999275207519531
SET key_329,0.0
GET key_329,0.0
SET key_330,0.0
GET key_330,0.0
SET key_331,0.0
GET key_331,0.0009996891021728516
SET key_332,0.0
GET key_332,0.0010006427764892578
SET key_333,0.0
GET key_333,0.0
SET key_334,0.0009992122650146484
GET key_334,0.0
SET key_335,0.0
GET key_335,0.0
SET key_336,0.0015053749084472656
GET key_336,0.0
SET key_337,0.0
GET key_337,0.0011448860168457031
SET key_338,0.0005040168762207031
GET key_338,0.0
SET key_339,0.0
GET key_339,0.0010044574737548828
SET key_340,0.0
GET key_340,0.0
SET key_341,0.0009996891021728516
GET key_341,0.0
SET key_342,0.0
GET key_342,0.0009999275207519531
SET key_343,0.0
GET key_343,0.0
SET key_344,0.0010008811950683594
GET key_344,0.0
SET key_345,0.0
GET key_345,0.0009989738464355469
SET key_346,0.0
GET key_346,0.00099945068359375
SET key_347,0.0
GET key_347,0.0010013580322265625
SET key_348,0.0
GET key_348,0.0007975101470947266
SET key_349,0.0
GET key_349,0.0005035400390625
SET key_350,0.0
GET key_350,0.0010044574737548828
SET key_351,0.0
GET key_351,0.00099945068359375
SET key_352,0.0
GET key_352,0.0010027885437011719
SET key_353,0.0
GET key_353,0.0
SET key_354,0.0009975433349609375
GET key_354,0.0
SET key_355,0.0
GET key_355,0.0
SET key_356,0.0010001659393310547
GET key_356,0.0
SET key_357,0.0010769367218017578
GET key_357,0.0
SET key_358,0.0
GET key_358,0.0010919570922851562
SET key_359,0.0
GET key_359,0.0
SET key_360,0.0010039806365966797
GET key_360,0.0
SET key_361,0.0
GET key_361,0.0010008811950683594
SET key_362,0.0
GET key_362,0.0009982585906982422
SET key_363,0.0
GET key_363,0.0
SET key_364,0.0013837814331054688
GET key_364,0.0
SET key_365,0.0009999275207519531
GET key_365,0.0
SET key_366,0.0
GET key_366,0.0010297298431396484
SET key_367,0.0
GET key_367,0.0010187625885009766
SET key_368,0.0
GET key_368,0.0
SET key_369,0.0
GET key_369,0.0012404918670654297
SET key_370,0.0
GET key_370,0.001001119613647461
SET key_371,0.0
GET key_371,0.0
SET key_372,0.0009996891021728516
GET key_372,0.0009992122650146484
SET key_373,0.0
GET key_373,0.0
SET key_374,0.0010006427764892578
GET key_374,0.0
SET key_375,0.0010650157928466797
GET key_375,0.0
SET key_376,0.0
GET key_376,0.000988006591796875
SET key_377,0.0
GET key_377,0.0
SET key_378,0.0009999275207519531
GET key_378,0.0
SET key_379,0.0
GET key_379,0.0009984970092773438
SET key_380,0.0
GET key_380,0.0
SET key_381,0.0010004043579101562
GET key_381,0.0
SET key_382,0.0
GET key_382,0.0010004043579101562
SET key_383,0.0
GET key_383,0.0
SET key_384,0.0
GET key_384,0.001504659652709961
SET key_385,0.0
GET key_385,0.0
SET key_386,0.001004934310913086
GET key_386,0.0
SET key_387,0.0
GET key_387,0.0
SET key_388,0.0
GET key_388,0.0015027523040771484
SET key_389,0.0
GET key_389,0.0
SET key_390,0.0010037422180175781
GET key_390,0.0
SET key_391,0.001310586929321289
GET key_391,0.0
SET key_392,0.0
GET key_392,0.0014109611511230469
SET key_393,0.0
GET key_393,0.0
SET key_394,0.0015316009521484375
GET key_394,0.0
SET key_395,0.0013544559478759766
GET key_395,0.0
SET key_396,0.0
GET key_396,0.0010044574737548828
SET key_397,0.0
GET key_397,0.0
SET key_398,0.0010001659393310547
GET key_398,0.0
SET key_399,0.0005910396575927734
GET key_399,0.001010894775390625
SET key_400,0.0
GET key_400,0.0
SET key_401,0.001032114028930664
GET key_401,0.0
SET key_402,0.0
GET key_402,0.0009753704071044922
SET key_403,0.0002646446228027344
GET key_403,0.0
SET key_404,0.0007350444793701172
GET key_404,0.0
SET key_405,0.0
GET key_405,0.0
SET key_406,0.001504659652709961
GET key_406,0.0
SET key_407,0.0
GET key_407,0.0010044574737548828
SET key_408,0.0
GET key_408,0.0
SET key_409,0.00099945068359375
GET key_409,0.0009999275207519531
SET key_410,0.0
GET key_410,0.0
SET key_411,0.00099945068359375
GET key_411,0.0
SET key_412,0.0
GET key_412,0.0
SET key_413,0.0
GET key_413,0.0015027523040771484
SET key_414,0.0
GET key_414,0.0010037422180175781
SET key_415,0.0
GET key_415,0.0
SET key_416,0.0009996891021728516
GET key_416,0.0
SET key_417,0.0010008811950683594
GET key_417,0.0
SET key_418,0.001657247543334961
GET key_418,0.0
SET key_419,0.0010657310485839844
GET key_419,0.0005025863647460938
SET key_420,0.0005047321319580078
GET key_420,0.0010051727294921875
SET key_421,0.0
GET key_421,0.0
SET key_422,0.00099945068359375
GET key_422,0.0
SET key_423,0.001997709274291992
GET key_423,0.0
SET key_424,0.0005304813385009766
GET key_424,0.0
SET key_425,0.0
GET key_425,0.0009996891021728516
SET key_426,0.0
GET key_426,0.0
SET key_427,0.00099945068359375
GET key_427,0.0
SET key_428,0.0
GET key_428,0.0009996891021728516
SET key_429,0.0
GET key_429,0.0
SET key_430,0.0010013580322265625
GET key_430,0.0
SET key_431,0.0
GET key_431,0.0010004043579101562
SET key_432,0.0
GET key_432,0.0
SET key_433,0.0
GET key_433,0.0
SET key_434,0.001504659652709961
GET key_434,0.0
SET key_435,0.0
GET key_435,0.0010051727294921875
SET key_436,0.0
GET key_436,0.00099945068359375
SET key_437,0.0
GET key_437,0.0
SET key_438,0.0010886192321777344
GET key_438,0.0
SET key_439,0.0
GET key_439,0.0010006427764892578
SET key_440,0.0
GET key_440,0.001068115234375
SET key_441,0.0
GET key_441,0.0010013580322265625
SET key_442,0.0
GET key_442,0.0007617473602294922
SET key_443,0.0
GET key_443,0.0
SET key_444,0.0010042190551757812
GET key_444,0.0
SET key_445,0.0
GET key_445,0.0010619163513183594
SET key_446,0.0
GET key_446,0.0
SET key_447,0.0
GET key_447,0.0014994144439697266
SET key_448,0.0
GET key_448,0.0006999969482421875
SET key_449,0.0
GET key_449,0.0010030269622802734
SET key_450,0.0006124973297119141
GET key_450,0.0
SET key_451,0.001003265380859375
GET key_451,0.0
SET key_452,0.0010004043579101562
GET key_452,0.0
SET key_453,0.0
GET key_453,0.0009999275207519531
SET key_454,0.0
GET key_454,0.0
SET key_455,0.0010025501251220703
GET key_455,0.0
SET key_456,0.0
GET key_456,0.000997781753540039
SET key_457,0.0
GET key_457,0.0
SET key_458,0.0009989738464355469
GET key_458,0.0
SET key_459,0.0010066032409667969
GET key_459,0.0005037784576416016
SET key_460,0.0
GET key_460,0.0010890960693359375
SET key_461,0.0005035400390625
GET key_461,0.0
SET key_462,0.001004934310913086
GET key_462,0.0
SET key_463,0.0
GET key_463,0.0009999275207519531
SET key_464,0.0
GET key_464,0.0
SET key_465,0.0010004043579101562
GET key_465,0.0
SET key_466,0.00099945068359375
GET key_466,0.0
SET key_467,0.0
GET key_467,0.0009996891021728516
SET key_468,0.0
GET key_468,0.0
SET key_469,0.0
GET key_469,0.0014846324920654297
SET key_470,0.0
GET key_470,0.001077413558959961
SET key_471,0.0
GET key_471,0.0
SET key_472,0.0009267330169677734
GET key_472,0.0
SET key_473,0.0
GET key_473,0.0
SET key_474,0.0015032291412353516
GET key_474,0.0
SET key_475,0.0
GET key_475,0.0011615753173828125
SET key_476,0.0005047321319580078
GET key_476,0.0
SET key_477,0.0010037422180175781
GET key_477,0.0
SET key_478,0.0009999275207519531
GET key_478,0.0010004043579101562
SET key_479,0.0
GET key_479,0.0
SET key_480,0.00099945068359375
GET key_480,0.0
SET key_481,0.0009489059448242188
GET key_481,0.0
SET key_482,0.0
GET key_482,0.0010352134704589844
SET key_483,0.0
GET key_483,0.0
SET key_484,0.0
GET key_484,0.0015032291412353516
SET key_485,0.0
GET key_485,0.0015060901641845703
SET key_486,0.0
GET key_486,0.0010044574737548828
SET key_487,0.0
GET key_487,0.0
SET key_488,0.0009999275207519531
GET key_488,0.0
SET key_489,0.0009992122650146484
GET key_489,0.0
SET key_490,0.0010199546813964844
GET key_490,0.0
SET key_491,0.0
GET key_491,0.000980377197265625
SET key_492,0.0
GET key_492,0.0011453628540039062
SET key_493,0.0
GET key_493,0.001003265380859375
SET key_494,0.0010004043579101562
GET key_494,0.0
SET key_495,0.0
GET key_495,0.0
SET key_496,0.0015044212341308594
GET key_496,0.0
SET key_497,0.0
GET key_497,0.001434326171875
SET key_498,0.0
GET key_498,0.0010578632354736328
SET key_499,0.0009467601776123047
GET key_499,0.0
SET key_500,0.00099945068359375
GET key_500,0.0
SET key_501,0.0
GET key_501,0.0010020732879638672
SET key_502,0.0
GET key_502,0.0
SET key_503,0.001363515853881836
GET key_503,0.0
SET key_504,0.0010046958923339844
GET key_504,0.0
SET key_505,0.0009992122650146484
GET key_505,0.0
SET key_506,0.0010123252868652344
GET key_506,0.0
SET key_507,0.0010569095611572266
GET key_507,0.0
SET key_508,0.0009601116180419922
GET key_508,0.0
SET key_509,0.0010235309600830078
GET key_509,0.0
SET key_510,0.0
GET key_510,0.0009636878967285156
SET key_511,0.0
GET key_511,0.0
SET key_512,0.001068115234375
GET key_512,0.0009326934814453125
SET key_513,0.0
GET key_513,0.0010023117065429688
SET key_514,0.0006377696990966797
GET key_514,0.0
SET key_515,0.001003265380859375
GET key_515,0.0
SET key_516,0.0
GET key_516,0.0
SET key_517,0.0015134811401367188
GET key_517,0.0005133152008056641
SET key_518,0.0
GET key_518,0.0
SET key_519,0.0012366771697998047
GET key_519,0.0
SET key_520,0.0010042190551757812
GET key_520,0.0
SET key_521,0.0009992122650146484
GET key_521,0.0
SET key_522,0.001058816909790039
GET key_522,0.0
SET key_523,0.0
GET key_523,0.001003265380859375
SET key_524,0.0
GET key_524,0.0
SET key_525,0.0010001659393310547
GET key_525,0.0
SET key_526,0.0
GET key_526,0.00099945068359375
SET key_527,0.0
GET key_527,0.0010020732879638672
SET key_528,0.0
GET key_528,0.0
SET key_529,0.0009987354278564453
GET key_529,0.0005424022674560547
SET key_530,0.0
GET key_530,0.0010035037994384766
SET key_531,0.0
GET key_531,0.0
SET key_532,0.0010006427764892578
GET key_532,0.0010001659393310547
SET key_533,0.0
GET key_533,0.0
SET key_534,0.00099945068359375
GET key_534,0.0
SET key_535,0.0
GET key_535,0.0010001659393310547
SET key_536,0.0
GET key_536,0.0
SET key_537,0.0015037059783935547
GET key_537,0.0
SET key_538,0.001005411148071289
GET key_538,0.0
SET key_539,0.0
GET key_539,0.0010056495666503906
SET key_540,0.0
GET key_540,0.0
SET key_541,0.0010089874267578125
GET key_541,0.0005037784576416016
SET key_542,0.0
GET key_542,0.0
SET key_543,0.001004934310913086
GET key_543,0.0
SET key_544,0.0009987354278564453
GET key_544,0.0
SET key_545,0.0
GET key_545,0.0009999275207519531
SET key_546,0.0
GET key_546,0.001001596450805664
SET key_547,0.0
GET key_547,0.0009996891021728516
SET key_548,0.0
GET key_548,0.0
SET key_549,0.0009984970092773438
GET key_549,0.0
SET key_550,0.0010182857513427734
GET key_550,0.0
SET key_551,0.000982046127319336
GET key_551,0.0
SET key_552,0.0
GET key_552,0.00150299072265625
SET key_553,0.0003223419189453125
GET key_553,0.0
SET key_554,0.0006825923919677734
GET key_554,0.0
SET key_555,0.0
GET key_555,0.0
SET key_556,0.001508474349975586
GET key_556,0.00041174888610839844
SET key_557,0.0
GET key_557,0.0005934238433837891
SET key_558,0.0
GET key_558,0.0
SET key_559,0.0010004043579101562
GET key_559,0.0
SET key_560,0.0
GET key_560,0.0
SET key_561,0.0
GET key_561,0.0
SET key_562,0.0009698867797851562
GET key_562,0.0
SET key_563,0.0
GET key_563,0.001016855239868164
SET key_564,0.0
GET key_564,0.0
SET key_565,0.00098419189453125
GET key_565,0.0
SET key_566,0.0
GET key_566,0.0
SET key_567,0.0
GET key_567,0.001504659652709961
SET key_568,0.0005183219909667969
GET key_568,0.0010039806365966797
SET key_569,0.0
GET key_569,0.0
SET key_570,0.0009999275207519531
GET key_570,0.0
SET key_571,0.0
GET key_571,0.0009999275207519531
SET key_572,0.0
GET key_572,0.0
SET key_573,0.0010001659393310547
GET key_573,0.0
SET key_574,0.0
GET key_574,0.00099945068359375
SET key_575,0.0
GET key_575,0.0
SET key_576,0.001001119613647461
GET key_576,0.0
SET key_577,0.0009984970092773438
GET key_577,0.0
SET key_578,0.0
GET key_578,0.0009999275207519531
SET key_579,0.0
GET key_579,0.0
SET key_580,0.0
GET key_580,0.001645803451538086
SET key_581,0.00086212158203125
GET key_581,0.0
SET key_582,0.0
GET key_582,0.001001596450805664
SET key_583,0.0
GET key_583,0.0
SET key_584,0.0009992122650146484
GET key_584,0.0
SET key_585,0.0
GET key_585,0.0011255741119384766
SET key_586,0.0005044937133789062
GET key_586,0.0
SET key_587,0.0
GET key_587,0.0010051727294921875
SET key_588,0.0
GET key_588,0.0
SET key_589,0.0009989738464355469
GET key_589,0.0
SET key_590,0.0
GET key_590,0.0
SET key_591,0.001001119613647461
GET key_591,0.0
SET key_592,0.0
GET key_592,0.0015039443969726562
SET key_593,0.0
GET key_593,0.0
SET key_594,0.0010039806365966797
GET key_594,0.0010056495666503906
SET key_595,0.0
GET key_595,0.0
SET key_596,0.0010197162628173828
GET key_596,0.0
SET key_597,0.0009775161743164062
GET key_597,0.0
SET key_598,0.0
GET key_598,0.0009005069732666016
SET key_599,0.0
GET key_599,0.0
SET key_600,0.0010051727294921875
GET key_600,0.0
SET key_601,0.0
GET key_601,0.00099945068359375
SET key_602,0.0
GET key_602,0.0
SET key_603,0.0010485649108886719
GET key_603,0.0
SET key_604,0.0
GET key_604,0.0010094642639160156
SET key_605,0.0
GET key_605,0.0
SET key_606,0.0009789466857910156
GET key_606,0.0005033016204833984
SET key_607,0.0
GET key_607,0.0
SET key_608,0.0010044574737548828
GET key_608,0.0
SET key_609,0.0
GET key_609,0.0010030269622802734
SET key_610,0.0
GET key_610,0.0009999275207519531
SET key_611,0.0
GET key_611,0.0
SET key_612,0.0010013580322265625
GET key_612,0.0
SET key_613,0.0
GET key_613,0.00099945068359375
SET key_614,0.0
GET key_614,0.0
SET key_615,0.00099945068359375
GET key_615,0.0
SET key_616,0.001001119613647461
GET key_616,0.0
SET key_617,0.0
GET key_617,0.0
SET key_618,0.0009987354278564453
GET key_618,0.0
SET key_619,0.0
GET key_619,0.0010001659393310547
SET key_620,0.0005042552947998047
GET key_620,0.0
SET key_621,0.0010042190551757812
GET key_621,0.0
SET key_622,0.0
GET key_622,0.0009996891021728516
SET key_623,0.0
GET key_623,0.0
SET key_624,0.0010001659393310547
GET key_624,0.0
SET key_625,0.0
GET key_625,0.0
SET key_626,0.0
GET key_626,0.001560211181640625
SET key_627,0.0
GET key_627,0.0009469985961914062
SET key_628,0.0
GET key_628,0.0
SET key_629,0.0
GET key_629,0.0
SET key_630,0.000988006591796875
GET key_630,0.0
SET key_631,0.0
GET key_631,0.0010004043579101562
SET key_632,0.0
GET key_632,0.0
SET key_633,0.00150299072265625
GET key_633,0.0
SET key_634,0.001003265380859375
GET key_634,0.0
SET key_635,0.0
GET key_635,0.001031637191772461
SET key_636,0.0
GET key_636,0.0
SET key_637,0.0009696483612060547
GET key_637,0.0
SET key_638,0.0
GET key_638,0.0009989738464355469
SET key_639,0.0
GET key_639,0.0010216236114501953
SET key_640,0.0
GET key_640,0.0
SET key_641,0.0009796619415283203
GET key_641,0.0
SET key_642,0.0016672611236572266
GET key_642,0.0
SET key_643,0.0008914470672607422
GET key_643,0.0
SET key_644,0.0
GET key_644,0.0
SET key_645,0.0015041828155517578
GET key_645,0.0
SET key_646,0.0
GET key_646,0.0010044574737548828
SET key_647,0.0
GET key_647,0.0
SET key_648,0.00099945068359375
GET key_648,0.005000114440917969
SET key_649,0.0009996891021728516
GET key_649,0.0
SET key_650,0.001001119613647461
GET key_650,0.0
SET key_651,0.0009989738464355469
GET key_651,0.0
SET key_652,0.0
GET key_652,0.001033782958984375
SET key_653,0.0
GET key_653,0.004005908966064453
SET key_654,0.0015714168548583984
GET key_654,0.0009379386901855469
SET key_655,0.0
GET key_655,0.0010001659393310547
SET key_656,0.0
GET key_656,0.0
SET key_657,0.0015027523040771484
GET key_657,0.00032019615173339844
SET key_658,0.0006835460662841797
GET key_658,0.004003763198852539
SET key_659,0.0009999275207519531
GET key_659,0.0010006427764892578
SET key_660,0.0009982585906982422
GET key_660,0.0
SET key_661,0.0
GET key_661,0.0015034675598144531
SET key_662,0.0
GET key_662,0.001005411148071289
SET key_663,0.0
GET key_663,0.0009996891021728516
SET key_664,0.0
GET key_664,0.0010006427764892578
SET key_665,0.0
GET key_665,0.0009987354278564453
SET key_666,0.0
GET key_666,0.0
SET key_667,0.0010018348693847656
GET key_667,0.0005052089691162109
SET key_668,0.0025103092193603516
GET key_668,0.0010044574737548828
SET key_669,0.0010004043579101562
GET key_669,0.0005042552947998047
SET key_670,0.0
GET key_670,0.0
SET key_671,0.0
GET key_671,0.0
SET key_672,0.0010540485382080078
GET key_672,0.0
SET key_673,0.0
GET key_673,0.0009465217590332031
SET key_674,0.0
GET key_674,0.0
SET key_675,0.0
GET key_675,0.001504659652709961
SET key_676,0.0010001659393310547
GET key_676,0.0009980201721191406
SET key_677,0.0010013580322265625
GET key_677,0.0010039806365966797
SET key_678,0.0
GET key_678,0.001508474349975586
SET key_679,0.0005033016204833984
GET key_679,0.0
SET key_680,0.0010051727294921875
GET key_680,0.0
SET key_681,0.0010008811950683594
GET key_681,0.0
SET key_682,0.0030019283294677734
GET key_682,0.0019991397857666016
SET key_683,0.001505136489868164
GET key_683,0.0
SET key_684,0.0010051727294921875
GET key_684,0.0
SET key_685,0.0010001659393310547
GET key_685,0.0
SET key_686,0.0011396408081054688
GET key_686,0.0005033016204833984
SET key_687,0.0
GET key_687,0.0010035037994384766
SET key_688,0.001001596450805664
GET key_688,0.00099945068359375
SET key_689,0.0
GET key_689,0.0009987354278564453
SET key_690,0.0010008811950683594
GET key_690,0.0010006427764892578
SET key_691,0.0005056858062744141
GET key_691,0.0010051727294921875
SET key_692,0.001008749008178711
GET key_692,0.0
SET key_693,0.0
GET key_693,0.0009961128234863281
SET key_694,0.0009069442749023438
GET key_694,0.0
SET key_695,0.0010046958923339844
GET key_695,0.0
SET key_696,0.0
GET key_696,0.0
SET key_697,0.0015044212341308594
GET key_697,0.0
SET key_698,0.0010039806365966797
GET key_698,0.0
SET key_699,0.001573801040649414
GET key_699,0.0005030632019042969
SET key_700,0.0
GET key_700,0.0
SET key_701,0.001003265380859375
GET key_701,0.002009153366088867
SET key_702,0.0020062923431396484
GET key_702,0.0019941329956054688
SET key_703,0.0009984970092773438
GET key_703,0.0010001659393310547
SET key_704,0.0
GET key_704,0.00099945068359375
SET key_705,0.0
GET key_705,0.0
SET key_706,0.001117706298828125
GET key_706,0.0
SET key_707,0.0
GET key_707,0.0009996891021728516
SET key_708,0.0005018711090087891
GET key_708,0.0
SET key_709,0.0
GET key_709,0.0010063648223876953
SET key_710,0.0
GET key_710,0.0009980201721191406
SET key_711,0.0
GET key_711,0.0
SET key_712,0.0
GET key_712,0.0010018348693847656
SET key_713,0.0015048980712890625
GET key_713,0.0010061264038085938
SET key_714,0.0009992122650146484
GET key_714,0.0005047321319580078
SET key_715,0.0010051727294921875
GET key_715,0.0010051727294921875
SET key_716,0.0010020732879638672
GET key_716,0.0009987354278564453
SET key_717,0.0009982585906982422
GET key_717,0.0
SET key_718,0.0010006427764892578
GET key_718,0.0005826950073242188
SET key_719,0.0
GET key_719,0.0
SET key_720,0.0010051727294921875
GET key_720,0.0
SET key_721,0.0
GET key_721,0.0015940666198730469
SET key_722,0.0
GET key_722,0.0
SET key_723,0.0009129047393798828
GET key_723,0.0
SET key_724,0.001001596450805664
GET key_724,0.0
SET key_725,0.001001119613647461
GET key_725,0.0019986629486083984
SET key_726,0.0010044574737548828
GET key_726,0.0010025501251220703
SET key_727,0.0015170574188232422
GET key_727,0.001505136489868164
SET key_728,0.0010116100311279297
GET key_728,0.0
SET key_729,0.001005411148071289
GET key_729,0.0
SET key_730,0.0009927749633789062
GET key_730,0.0
SET key_731,0.0
GET key_731,0.0009989738464355469
SET key_732,0.0010018348693847656
GET key_732,0.0
SET key_733,0.0010023117065429688
GET key_733,0.0
SET key_734,0.0009965896606445312
GET key_734,0.0009996891021728516
SET key_735,0.0
GET key_735,0.0009968280792236328
SET key_736,0.0
GET key_736,0.0
SET key_737,0.0
GET key_737,0.0015048980712890625
SET key_738,0.0
GET key_738,0.0
SET key_739,0.0010037422180175781
GET key_739,0.0
SET key_740,0.0
GET key_740,0.001003265380859375
SET key_741,0.0
GET key_741,0.0009992122650146484
SET key_742,0.0
GET key_742,0.0
SET key_743,0.0010004043579101562
GET key_743,0.0
SET key_744,0.0
GET key_744,0.0
SET key_745,0.0010004043579101562
GET key_745,0.00099945068359375
SET key_746,0.0
GET key_746,0.0
SET key_747,0.0010001659393310547
GET key_747,0.0
SET key_748,0.0
GET key_748,0.0010008811950683594
SET key_749,0.0
GET key_749,0.0
SET key_750,0.0015053749084472656
GET key_750,0.0
SET key_751,0.0
GET key_751,0.0015094280242919922
SET key_752,0.0
GET key_752,0.0
SET key_753,0.0010046958923339844
GET key_753,0.0
SET key_754,0.0009999275207519531
GET key_754,0.0
SET key_755,0.0009989738464355469
GET key_755,0.0
SET key_756,0.0009999275207519531
GET key_756,0.001003265380859375
SET key_757,0.0020003318786621094
GET key_757,0.0015120506286621094
SET key_758,0.0
GET key_758,0.0010063648223876953
SET key_759,0.0
GET key_759,0.0009992122650146484
SET key_760,0.0
GET key_760,0.0010006427764892578
SET key_761,0.0010006427764892578
GET key_761,0.0
SET key_762,0.0
GET key_762,0.0009999275207519531
SET key_763,0.0010042190551757812
GET key_763,0.0012640953063964844
SET key_764,0.0015120506286621094
GET key_764,0.0015077590942382812
SET key_765,0.0020074844360351562
GET key_765,0.0
SET key_766,0.00099945068359375
GET key_766,0.0
SET key_767,0.00099945068359375
GET key_767,0.0
SET key_768,0.0
GET key_768,0.0009992122650146484
SET key_769,0.0009999275207519531
GET key_769,0.0
SET key_770,0.0010013580322265625
GET key_770,0.0
SET key_771,0.0
GET key_771,0.0010139942169189453
SET key_772,0.000985860824584961
GET key_772,0.0015044212341308594
SET key_773,0.0008144378662109375
GET key_773,0.002520322799682617
SET key_774,0.0010058879852294922
GET key_774,0.0010025501251220703
SET key_775,0.0009963512420654297
GET key_775,0.0
SET key_776,0.0010006427764892578
GET key_776,0.0009987354278564453
SET key_777,0.0
GET key_777,0.0
SET key_778,0.0010008811950683594
GET key_778,0.0005059242248535156
SET key_779,0.0
GET key_779,0.0010042190551757812
SET key_780,0.0
GET key_780,0.0
SET key_781,0.0010037422180175781
GET key_781,0.001001119613647461
SET key_782,0.0020020008087158203
GET key_782,0.00099945068359375
SET key_783,0.000997781753540039
GET key_783,0.0010020732879638672
SET key_784,0.0
GET key_784,0.0016407966613769531
SET key_785,0.0008695125579833984
GET key_785,0.0
SET key_786,0.0
GET key_786,0.0010004043579101562
SET key_787,0.0010004043579101562
GET key_787,0.0
SET key_788,0.0
GET key_788,0.0009987354278564453
SET key_789,0.0
GET key_789,0.00099945068359375
SET key_790,0.0010004043579101562
GET key_790,0.001001119613647461
SET key_791,0.0009992122650146484
GET key_791,0.0010013580322265625
SET key_792,0.0
GET key_792,0.0010068416595458984
SET key_793,0.0010018348693847656
GET key_793,0.0011687278747558594
SET key_794,0.0008270740509033203
GET key_794,0.0
SET key_795,0.0
GET key_795,0.0015039443969726562
SET key_796,0.0
GET key_796,0.0
SET key_797,0.0010051727294921875
GET key_797,0.0010006427764892578
SET key_798,0.0
GET key_798,0.0009987354278564453
SET key_799,0.0
GET key_799,0.0015063285827636719
SET key_800,0.0
GET key_800,0.0020110607147216797
SET key_801,0.0
GET key_801,0.001001596450805664
SET key_802,0.002000570297241211
GET key_802,0.0025148391723632812
SET key_803,0.000997781753540039
GET key_803,0.0009992122650146484
SET key_804,0.0005033016204833984
GET key_804,0.0
SET key_805,0.0
GET key_805,0.0010046958923339844
SET key_806,0.0
GET key_806,0.0010044574737548828
SET key_807,0.0
GET key_807,0.0009999275207519531
SET key_808,0.0
GET key_808,0.0009992122650146484
SET key_809,0.0
GET key_809,0.0
SET key_810,0.0009996891021728516
GET key_810,0.0
SET key_811,0.0010006427764892578
GET key_811,0.0010020732879638672
SET key_812,0.0010001659393310547
GET key_812,0.0015108585357666016
SET key_813,0.0010058879852294922
GET key_813,0.0010020732879638672
SET key_814,0.00201416015625
GET key_814,0.0009913444519042969
SET key_815,0.00043129920959472656
GET key_815,0.0
SET key_816,0.0005681514739990234
GET key_816,0.0
SET key_817,0.0010044574737548828
GET key_817,0.0009987354278564453
SET key_818,0.0005025863647460938
GET key_818,0.0
SET key_819,0.0
GET key_819,0.0
SET key_820,0.0015041828155517578
GET key_820,0.0001327991485595703
SET key_821,0.0
GET key_821,0.0008730888366699219
SET key_822,0.0
GET key_822,0.0
SET key_823,0.0010030269622802734
GET key_823,0.001001119613647461
SET key_824,0.001001119613647461
GET key_824,0.0010008811950683594
SET key_825,0.0009984970092773438
GET key_825,0.0020008087158203125
SET key_826,0.0009999275207519531
GET key_826,0.0005092620849609375
SET key_827,0.0
GET key_827,0.0
SET key_828,0.0010042190551757812
GET key_828,0.0
SET key_829,0.0010006427764892578
GET key_829,0.0
SET key_830,0.0
GET key_830,0.0010001659393310547
SET key_831,0.0005040168762207031
GET key_831,0.0
SET key_832,0.0010037422180175781
GET key_832,0.0
SET key_833,0.002002716064453125
GET key_833,0.001001119613647461
SET key_834,0.0009984970092773438
GET key_834,0.0010001659393310547
SET key_835,0.0015151500701904297
GET key_835,0.0010082721710205078
SET key_836,0.0009980201721191406
GET key_836,0.0
SET key_837,0.0009992122650146484
GET key_837,0.0
SET key_838,0.0
GET key_838,0.0017635822296142578
SET key_839,0.0
GET key_839,0.0009038448333740234
SET key_840,0.0
GET key_840,0.0015048980712890625
SET key_841,0.0015137195587158203
GET key_841,0.001007080078125
SET key_842,0.00200653076171875
GET key_842,0.0010061264038085938
SET key_843,0.0009942054748535156
GET key_843,0.0
SET key_844,0.00099945068359375
GET key_844,0.0009987354278564453
SET key_845,0.0
GET key_845,0.0
SET key_846,0.0010004043579101562
GET key_846,0.0
SET key_847,0.0
GET key_847,0.001680135726928711
SET key_848,0.0
GET key_848,0.0008280277252197266
SET key_849,0.0
GET key_849,0.001001596450805664
SET key_850,0.0
GET key_850,0.0
SET key_851,0.001004934310913086
GET key_851,0.0
SET key_852,0.0010008811950683594
GET key_852,0.0009982585906982422
SET key_853,0.0020036697387695312
GET key_853,0.0020008087158203125
SET key_854,0.0009982585906982422
GET key_854,0.0005071163177490234
SET key_855,0.0010056495666503906
GET key_855,0.0
SET key_856,0.0010039806365966797
GET key_856,0.0
SET key_857,0.0010006427764892578
GET key_857,0.0
SET key_858,0.0010008811950683594
GET key_858,0.0
SET key_859,0.0009999275207519531
GET key_859,0.0009987354278564453
SET key_860,0.0
GET key_860,0.0005040168762207031
SET key_861,0.0
GET key_861,0.0010051727294921875
SET key_862,0.0010013580322265625
GET key_862,0.003016233444213867
SET key_863,0.0009999275207519531
GET key_863,0.001001119613647461
SET key_864,0.0009987354278564453
GET key_864,0.0
SET key_865,0.0009996891021728516
GET key_865,0.0
SET key_866,0.0
GET key_866,0.0010001659393310547
SET key_867,0.0
GET key_867,0.001001596450805664
SET key_868,0.0
GET key_868,0.0009987354278564453
SET key_869,0.0
GET key_869,0.001504659652709961
SET key_870,0.0
GET key_870,0.0
SET key_871,0.002734661102294922
GET key_871,0.0009999275207519531
SET key_872,0.002000570297241211
GET key_872,0.0015060901641845703
SET key_873,0.0010068416595458984
GET key_873,0.0
SET key_874,0.0009984970092773438
GET key_874,0.0
SET key_875,0.0005044937133789062
GET key_875,0.0
SET key_876,0.0010046958923339844
GET key_876,0.0
SET key_877,0.0
GET key_877,0.001005411148071289
SET key_878,0.0
GET key_878,0.0
SET key_879,0.0009989738464355469
GET key_879,0.0
SET key_880,0.00099945068359375
GET key_880,0.0
SET key_881,0.0
GET key_881,0.0009992122650146484
SET key_882,0.0010001659393310547
GET key_882,0.0
SET key_883,0.0020046234130859375
GET key_883,0.0015106201171875
SET key_884,0.0020067691802978516
GET key_884,0.0030095577239990234
SET key_885,0.0010671615600585938
GET key_885,0.0010654926300048828
SET key_886,0.0005519390106201172
GET key_886,0.0
SET key_887,0.0010802745819091797
GET key_887,0.001074075698852539
SET key_888,0.0005137920379638672
GET key_888,0.001071929931640625
SET key_889,0.00171661376953125
GET key_889,0.00106048583984375
SET key_890,0.0005230903625488281
GET key_890,0.0005199909210205078
SET key_891,0.0005218982696533203
GET key_891,0.0005421638488769531
SET key_892,0.0010695457458496094
GET key_892,0.0
SET key_893,0.0015065670013427734
GET key_893,0.0
SET key_894,0.0005064010620117188
GET key_894,0.0005314350128173828
SET key_895,0.0
GET key_895,0.0010051727294921875
SET key_896,0.0
GET key_896,0.0010001659393310547
SET key_897,0.0
GET key_897,0.0
SET key_898,0.0010046958923339844
GET key_898,0.0
SET key_899,0.0020020008087158203
GET key_899,0.0
SET key_900,0.0010004043579101562
GET key_900,0.00099945068359375
SET key_901,0.002150297164916992
GET key_901,0.001027822494506836
SET key_902,0.0010051727294921875
GET key_902,0.001001596450805664
SET key_903,0.0
GET key_903,0.001005411148071289
SET key_904,0.0
GET key_904,0.0009999275207519531
SET key_905,0.0
GET key_905,0.0
SET key_906,0.0009992122650146484
GET key_906,0.0
SET key_907,0.0009992122650146484
GET key_907,0.0
SET key_908,0.0
GET key_908,0.001001119613647461
SET key_909,0.0
GET key_909,0.0
SET key_910,0.0010004043579101562
GET key_910,0.0
SET key_911,0.0009989738464355469
GET key_911,0.0009999275207519531
SET key_912,0.0013620853424072266
GET key_912,0.0010068416595458984
SET key_913,0.0010013580322265625
GET key_913,0.0019965171813964844
SET key_914,0.0010025501251220703
GET key_914,0.0
SET key_915,0.0
GET key_915,0.0010046958923339844
SET key_916,0.0
GET key_916,0.0009925365447998047
SET key_917,0.0005042552947998047
GET key_917,0.0
SET key_918,0.0
GET key_918,0.0
SET key_919,0.0015037059783935547
GET key_919,0.0
SET key_920,0.0
GET key_920,0.0010046958923339844
SET key_921,0.0
GET key_921,0.0
SET key_922,0.0009984970092773438
GET key_922,0.0
SET key_923,0.0
GET key_923,0.0009999275207519531
SET key_924,0.001001119613647461
GET key_924,0.0010020732879638672
SET key_925,0.0010006427764892578
GET key_925,0.0010001659393310547
SET key_926,0.001001119613647461
GET key_926,0.0012140274047851562
SET key_927,0.0
GET key_927,0.0
SET key_928,0.0
GET key_928,0.001504659652709961
SET key_929,0.001004934310913086
GET key_929,0.0
SET key_930,0.0
GET key_930,0.0009989738464355469
SET key_931,0.0
GET key_931,0.001001596450805664
SET key_932,0.0010025501251220703
GET key_932,0.0009984970092773438
SET key_933,0.0009999275207519531
GET key_933,0.0
SET key_934,0.002513885498046875
GET key_934,0.0010006427764892578
SET key_935,0.0
GET key_935,0.0010037422180175781
SET key_936,0.0
GET key_936,0.0010004043579101562
SET key_937,0.0
GET key_937,0.0
SET key_938,0.0010006427764892578
GET key_938,0.0
SET key_939,0.0009984970092773438
GET key_939,0.0
SET key_940,0.0
GET key_940,0.0010004043579101562
SET key_941,0.0010020732879638672
GET key_941,0.0010004043579101562
SET key_942,0.0005052089691162109
GET key_942,0.0010058879852294922
SET key_943,0.0016193389892578125
GET key_943,0.0
SET key_944,0.0
GET key_944,0.0
SET key_945,0.0015048980712890625
GET key_945,0.0
SET key_946,0.0
GET key_946,0.0010046958923339844
SET key_947,0.0010001659393310547
GET key_947,0.0
SET key_948,0.0010006427764892578
GET key_948,0.0005028247833251953
SET key_949,0.0
GET key_949,0.001003265380859375
SET key_950,0.0015828609466552734
GET key_950,0.0019316673278808594
SET key_951,0.0009996891021728516
GET key_951,0.0009989738464355469
SET key_952,0.0020036697387695312
GET key_952,0.0009996891021728516
SET key_953,0.0019989013671875
GET key_953,0.0
SET key_954,0.0009996891021728516
GET key_954,0.001203775405883789
SET key_955,0.0
GET key_955,0.0
SET key_956,0.0009965896606445312
GET key_956,0.0
SET key_957,0.0
GET key_957,0.0
SET key_958,0.0010001659393310547
GET key_958,0.0
SET key_959,0.0
GET key_959,0.0
SET key_960,0.0010027885437011719
GET key_960,0.0
SET key_961,0.0
GET key_961,0.0010001659393310547
SET key_962,0.0009970664978027344
GET key_962,0.0
SET key_963,0.0009996891021728516
GET key_963,0.0
SET key_964,0.0016443729400634766
GET key_964,0.0008759498596191406
SET key_965,0.000993490219116211
GET key_965,0.0
SET key_966,0.0010008811950683594
GET key_966,0.00042700767517089844
SET key_967,0.00057220458984375
GET key_967,0.0
SET key_968,0.0
GET key_968,0.0
SET key_969,0.0015039443969726562
GET key_969,0.0
SET key_970,0.001007080078125
GET key_970,0.0
SET key_971,0.0009982585906982422
GET key_971,0.0010001659393310547
SET key_972,0.0
GET key_972,0.0
SET key_973,0.0
GET key_973,0.0015041828155517578
SET key_974,0.0
GET key_974,0.0010275840759277344
SET key_975,0.0
GET key_975,0.0009779930114746094
SET key_976,0.0
GET key_976,0.0
SET key_977,0.0010008811950683594
GET key_977,0.0
SET key_978,0.0
GET key_978,0.0009987354278564453
SET key_979,0.0
GET key_979,0.001001596450805664
SET key_980,0.0
GET key_980,0.0010020732879638672
SET key_981,0.0
GET key_981,0.0010001659393310547
SET key_982,0.001001119613647461
GET key_982,0.0009980201721191406
SET key_983,0.0
GET key_983,0.001001119613647461
SET key_984,0.0
GET key_984,0.0011739730834960938
SET key_985,0.0009999275207519531
GET key_985,0.0
SET key_986,0.0
GET key_986,0.0010056495666503906
SET key_987,0.0
GET key_987,0.0009989738464355469
SET key_988,0.0
GET key_988,0.0
SET key_989,0.0009999275207519531
GET key_989,0.0
SET key_990,0.0016868114471435547
GET key_990,0.0006608963012695312
SET key_991,0.0010039806365966797
GET key_991,0.0
SET key_992,0.001605987548828125
GET key_992,0.0
SET key_993,0.0009000301361083984
GET key_993,0.0
SET key_994,0.0010008811950683594
GET key_994,0.0
SET key_995,0.0009999275207519531
GET key_995,0.0
SET key_996,0.0
GET key_996,0.0009996891021728516
SET key_997,0.0
GET key_997,0.0011692047119140625
SET key_998,0.0008318424224853516
GET key_998,0.0
SET key_999,0.0015044212341308594
GET key_999,0.0010068416595458984
